Trade #,Challenge #,Challenge Step,Symbol,Direction,Confluence Score,Entry Date,Entry Price,Stop Loss Price,TP1 Price,TP2 Price,TP3 Price,TP4 Price,TP5 Price,Exit Date,Exit Price,TP1 Hit?,TP2 Hit?,TP3 Hit?,TP4 Hit?,TP5 Hit?,SL Hit?,Final Exit Reason,R Multiple,Profit/Loss USD,Result,Risk Pips,Holding Time (hours),Price Data Validated?,Validation Notes,Lot Size
1,1,1,BTC_USD,bullish,5/7,2024-01-02 22:00:00,41920.4698,39319.368510380395,43481.13057377176,45041.79134754353,47122.67237923921,48423.22302404901,51024.324313668614,2024-01-08 22:00:00,46043.21534404707,NO,NO,NO,NO,NO,NO,TP3+Trail,+1.59R,$+3011.50,WIN,260110129.0,0.0,YES,Entry price validated against OANDA candle; Exit price validated against OANDA candle,0.00
2,1,1,BTC_USD,bullish,4/7,2024-01-02 22:00:00,41920.4698,39287.28504535322,43500.380652788066,45080.29150557613,47186.83930929355,48503.43168661694,51136.616441263715,2024-01-08 22:00:00,46094.06763611514,NO,NO,NO,NO,NO,NO,TP3+Trail,+1.59R,$+3011.50,WIN,263318475.5,0.0,YES,Entry price validated against OANDA candle; Exit price validated against OANDA candle,0.00
3,1,1,BTC_USD,bullish,5/7,2024-01-02 22:00:00,41920.4698,39178.86111354228,43565.43501187463,45210.40022374926,47403.68717291543,48774.49151614429,51516.100202602,2024-01-08 22:00:00,44826.57500764518,NO,NO,NO,NO,NO,NO,TP2+Trail,+1.06R,$+2014.00,WIN,274160868.6,0.0,NO,Entry price validated against OANDA candle; Exit price 44826.57500764518 outside candle range [44835.2-47964.8],0.00
4,1,1,ETH_USD,bullish,5/7,2024-01-02 22:00:00,2242.80928,2062.1416279019168,2351.20987125885,2459.6104625177,2604.1445841961663,2694.4784102452077,2875.1460623432913,2024-01-08 22:00:00,2253.649339125885,NO,NO,NO,NO,NO,NO,TP1+Trail,+0.06R,$+114.00,WIN,18066765.2,0.0,YES,Entry price validated against OANDA candle; Exit price validated against OANDA candle,0.00
5,1,1,ETH_USD,bullish,5/7,2024-01-02 22:00:00,2222.0017399999997,2061.581740051927,2318.253739968843,2414.5057399376865,2542.8417398961446,2623.051739870181,2783.4717398182534,2024-01-11 22:00:00,2559.685839890692,NO,NO,NO,NO,NO,NO,TP4+Trail,+2.10R,$+3999.50,WIN,16042000.0,0.0,YES,Entry price validated against OANDA candle; Exit price validated against OANDA candle,0.00
6,1,1,ETH_USD,bullish,5/7,2024-01-02 22:00:00,2222.0017399999997,2062.2248300482183,2317.8678859710685,2413.7340319421373,2541.5555599035624,2621.444014879453,2781.2209248312347,2024-01-11 22:00:00,2558.3321354484992,NO,NO,NO,NO,NO,NO,TP4+Trail,+2.10R,$+3999.50,WIN,15977691.0,0.0,YES,Entry price validated against OANDA candle; Exit price validated against OANDA candle,0.00
7,1,1,GBP_USD,bullish,3/7,2024-01-04 22:00:00,1.2625419599999999,1.2451117421150288,1.2730000907309824,1.283458221461965,1.2974023957699419,1.3061175047124274,1.3235477225973984,2024-01-15 22:00:00,1.2635877730730982,NO,NO,NO,NO,NO,NO,TP1+Trail,+0.06R,$+114.00,WIN,1743.0,0.0,YES,Entry price validated against OANDA candle; Exit price validated against OANDA candle,0.11
8,1,1,GBP_CHF,bullish,4/7,2024-01-04 22:00:00,1.08164,1.059842868693852,1.0947182787836887,1.1077965575673776,1.125234262612296,1.13613282826537,1.157929959571518,2024-03-21 21:00:00,1.1275229613994415,NO,NO,NO,NO,NO,NO,TP4+Trail,+2.10R,$+3999.50,WIN,2179.7,0.0,NO,Entry price validated against OANDA candle; Exit price 1.1275229613994415 outside candle range [1.12956-1.13806],0.09
9,1,1,GBP_NZD,bullish,5/7,2024-01-04 22:00:00,2.04042942,1.9989570595472124,2.065312836271673,2.0901962525433455,2.1233741409055757,2.1441103211319694,2.1855826815847577,2024-01-22 22:00:00,2.0843901220799554,NO,NO,NO,NO,NO,NO,TP2+Trail,+1.06R,$+2014.00,WIN,4147.2,0.0,YES,Entry price validated against OANDA candle; Exit price validated against OANDA candle,0.05
10,1,1,GBP_NZD,bullish,6/7,2024-01-04 22:00:00,2.04042942,1.9988301267224113,2.0653889959665532,2.0903485719331067,2.123628006555178,2.144427653193972,2.186026946471561,2024-01-22 22:00:00,2.084524670874244,NO,NO,NO,NO,NO,NO,TP2+Trail,+1.06R,$+2014.00,WIN,4159.9,0.0,YES,Entry price validated against OANDA candle; Exit price validated against OANDA candle,0.05
11,1,1,GBP_NZD,bullish,4/7,2024-01-04 22:00:00,2.04042942,1.9986154748136677,2.0655177871117996,2.090606154223599,2.124057310372665,2.144964282965831,2.1867782281521637,2024-01-22 22:00:00,2.0847522018975124,NO,NO,NO,NO,NO,NO,TP2+Trail,+1.06R,$+2014.00,WIN,4181.4,0.0,YES,Entry price validated against OANDA candle; Exit price validated against OANDA candle,0.05
12,1,1,GBP_CHF,bullish,4/7,2024-01-08 22:00:00,1.08355636,1.059692587360917,1.0978746235834498,1.1121928871668996,1.1312839052781658,1.1432157915977073,1.1670795642367902,2024-02-14 22:00:00,1.108851958997428,NO,NO,NO,NO,NO,NO,TP2+Trail,+1.06R,$+2014.00,WIN,2386.4,0.0,YES,Entry price validated against OANDA candle; Exit price validated against OANDA candle,0.08
13,1,1,GBP_CHF,bullish,4/7,2024-01-08 22:00:00,1.08355636,1.0597434739779945,1.0978440916132033,1.1121318232264066,1.131182132044011,1.1430885750550137,1.1669014610770192,2024-02-14 22:00:00,1.1087980191833258,NO,NO,NO,NO,NO,NO,TP2+Trail,+1.06R,$+2014.00,WIN,2381.3,0.0,YES,Entry price validated against OANDA candle; Exit price validated against OANDA candle,0.08
14,1,1,ETH_USD,bullish,6/7,2024-01-08 22:00:00,2276.17,2058.4002812011427,2406.8318312793144,2537.493662558629,2711.709437597715,2820.594296997144,3038.364015796001,2024-01-11 22:00:00,2507.005901926789,NO,NO,NO,NO,NO,NO,TP2+Trail,+1.06R,$+2014.00,WIN,21776971.9,0.0,YES,Entry price validated against OANDA candle; Exit price validated against OANDA candle,0.00
15,1,1,XAU_USD,bullish,4/7,2024-01-10 22:00:00,2014.6955099999998,1919.2453966929847,2071.9655779842087,2129.235645968418,2205.59573661403,2253.3207932675373,2348.7709065745526,2024-03-21 21:00:00,2165.9839395916188,NO,NO,NO,NO,NO,NO,TP3+Trail,+1.59R,$+3011.50,WIN,9545.0,0.0,YES,Entry price validated against OANDA candle; Exit price validated against OANDA candle,0.02
16,1,1,XAU_USD,bullish,5/7,2024-01-10 22:00:00,2014.6955099999998,1918.7228683577714,2072.279094985337,2129.862679970674,2206.640793284457,2254.627114105571,2350.599755747799,2024-03-21 21:00:00,2166.812147002932,NO,NO,NO,NO,NO,NO,TP3+Trail,+1.59R,$+3011.50,WIN,9597.3,0.0,YES,Entry price validated against OANDA candle; Exit price validated against OANDA candle,0.02
17,1,1,XAU_USD,bullish,3/7,2024-01-10 22:00:00,2014.6955099999998,1918.5821277607877,2072.363539343527,2130.0315686870545,2206.922274478424,2254.9789655980303,2351.0923478372424,2024-03-21 21:00:00,2167.0352208491513,NO,NO,NO,NO,NO,NO,TP3+Trail,+1.59R,$+3011.50,WIN,9611.3,0.0,YES,Entry price validated against OANDA candle; Exit price validated against OANDA candle,0.02
18,1,1,GBP_USD,bullish,3/7,2024-01-15 22:00:00,1.2625419599999999,1.2452064000889789,1.2729432959466125,1.2833446318932251,1.2972130798220418,1.3058808597775524,1.3232164196885732,2024-01-31 22:00:00,1.2635820935946611,NO,NO,NO,NO,NO,NO,TP1+Trail,+0.06R,$+114.00,WIN,1733.6,0.0,YES,Entry price validated against OANDA candle; Exit price validated against OANDA candle,0.11
19,1,1,GBP_USD,bullish,4/7,2024-01-15 22:00:00,1.2625419599999999,1.245343442939766,1.27286107023614,1.2831801804722804,1.2969389941204674,1.3055382526505843,1.322736769710818,2024-01-31 22:00:00,1.263573871023614,NO,NO,NO,NO,NO,NO,TP1+Trail,+0.06R,$+114.00,WIN,1719.9,0.0,YES,Entry price validated against OANDA candle; Exit price validated against OANDA candle,0.11
20,1,1,GBP_USD,bullish,3/7,2024-01-15 22:00:00,1.2625419599999999,1.2453524827297828,1.27285564636213,1.2831693327242604,1.296920914540434,1.3055156531755423,1.3227051304457595,2024-01-31 22:00:00,1.263573328636213,NO,NO,NO,NO,NO,NO,TP1+Trail,+0.06R,$+114.00,WIN,1718.9,0.0,YES,Entry price validated against OANDA candle; Exit price validated against OANDA candle,0.11
21,1,1,AUD_CAD,bullish,4/7,2024-01-15 22:00:00,0.8880341599999999,0.8736333620529969,0.8966746387682017,0.9053151175364035,0.9168357558940059,0.9240361548675073,0.9384369528145104,2024-02-07 22:00:00,0.8736333620529969,NO,NO,NO,NO,NO,NO,SL,-1.00R,$-1900.00,LOSS,1440.1,0.0,YES,Entry price validated against OANDA candle; Exit price validated against OANDA candle,0.13
22,1,1,AUD_CAD,bullish,4/7,2024-01-15 22:00:00,0.8880341599999999,0.8736388361920685,0.8966713542847587,0.9053085485695176,0.9168248076158627,0.9240224695198285,0.9384177933277598,2024-02-07 22:00:00,0.8736388361920685,NO,NO,NO,NO,NO,NO,SL,-1.00R,$-1900.00,LOSS,1439.5,0.0,YES,Entry price validated against OANDA candle; Exit price validated against OANDA candle,0.13
23,1,1,AUD_CAD,bullish,3/7,2024-01-15 22:00:00,0.8880341599999999,0.873677490749778,0.896648161550133,0.9052621631002662,0.9167474985004438,0.9239258331255548,0.9382825023757767,2024-02-07 22:00:00,0.873677490749778,NO,NO,NO,NO,NO,NO,SL,-1.00R,$-1900.00,LOSS,1435.7,0.0,YES,Entry price validated against OANDA candle; Exit price validated against OANDA candle,0.13
24,1,1,AUD_USD,bullish,4/7,2024-01-16 22:00:00,0.6542015,0.6307131920187518,0.668294484788749,0.6823874695774979,0.7011781159624965,0.7129222699531206,0.7364105779343688,2024-07-24 21:00:00,0.6556107984788749,NO,NO,NO,NO,NO,NO,TP1+Trail,+0.06R,$+114.00,WIN,2348.8,0.0,YES,Entry price validated against OANDA candle; Exit price validated against OANDA candle,0.08
25,1,1,AUD_USD,bullish,4/7,2024-01-16 22:00:00,0.6542015,0.630656892588841,0.6683282644466955,0.6824550288933908,0.7012907148223181,0.7130630185278977,0.7366076259390566,2024-07-24 21:00:00,0.6556141764446696,NO,NO,NO,NO,NO,NO,TP1+Trail,+0.06R,$+114.00,WIN,2354.5,0.0,YES,Entry price validated against OANDA candle; Exit price validated against OANDA candle,0.08
26,1,1,AUD_USD,bullish,3/7,2024-01-16 22:00:00,0.6542015,0.6307046145467808,0.6682996312719315,0.682397762543863,0.7011952709064383,0.7129437136330479,0.736440599086267,2024-07-24 21:00:00,0.6556113131271931,NO,NO,NO,NO,NO,NO,TP1+Trail,+0.06R,$+114.00,WIN,2349.7,0.0,YES,Entry price validated against OANDA candle; Exit price validated against OANDA candle,0.08
27,1,1,BTC_USD,bullish,4/7,2024-01-25 22:00:00,41980.2,37481.956339839606,44679.14619609623,47378.09239219247,50976.68732032078,53225.80915040098,57724.05281056136,2024-02-27 22:00:00,53473.212551709796,NO,NO,NO,NO,NO,NO,TP5,+2.56R,$+4854.50,WIN,449824366.0,0.0,NO,Entry price validated against OANDA candle; Exit price 53473.212551709796 outside candle range [56672.9-64291.4],0.00
28,1,1,BTC_USD,bullish,2/7,2024-01-29 22:00:00,43785.782,39405.946584669946,46413.68324919803,49041.58449839606,52545.452830660106,54735.370538325136,59115.20595365518,2024-02-12 22:00:00,48428.40754024986,NO,NO,NO,NO,NO,NO,TP2+Trail,+1.06R,$+2014.00,WIN,437983541.5,0.0,YES,Entry price validated against OANDA candle; Exit price validated against OANDA candle,0.00
29,1,1,AUD_JPY,bullish,4/7,2024-01-30 22:00:00,96.589956,95.47257658029977,97.26038365182013,97.93081130364027,98.82471483940046,99.38340454925057,100.5007839689508,2024-02-25 22:00:00,98.36100238022486,NO,NO,NO,NO,NO,NO,TP3+Trail,+1.58R,$+3011.50,WIN,1117.4,0.0,NO,Entry price validated against OANDA candle; Exit price 98.36100238022486 outside candle range [98.471-98.834],0.00
30,1,1,AUD_JPY,bullish,4/7,2024-01-30 22:00:00,96.622044,95.48385682456407,97.30495630526156,97.98786861052312,98.89841835087186,99.46751193858984,100.60569911402575,2024-02-25 22:00:00,98.42607067306595,NO,NO,NO,NO,NO,NO,TP3+Trail,+1.58R,$+3011.50,WIN,1138.2,0.0,NO,Entry price validated against OANDA candle; Exit price 98.42607067306595 outside candle range [98.471-98.834],0.00
31,1,1,AUD_JPY,bullish,5/7,2024-01-30 22:00:00,96.622044,95.48918847995235,97.3017573120286,97.9814706240572,98.88775504009531,99.45418280011914,100.5870383201668,2024-02-25 22:00:00,98.41761999927554,NO,NO,NO,NO,NO,NO,TP3+Trail,+1.59R,$+3011.50,WIN,1132.9,0.0,NO,Entry price validated against OANDA candle; Exit price 98.41761999927554 outside candle range [98.471-98.834],0.00
32,1,1,GBP_USD,bullish,4/7,2024-01-31 22:00:00,1.27087,1.2554743506802493,1.2801073895918504,1.2893447791837007,1.3016612986395013,1.3093591232993766,1.3247547726191273,2024-02-04 22:00:00,1.2554743506802493,NO,NO,NO,NO,NO,NO,SL,-1.00R,$-1900.00,LOSS,1539.6,0.0,YES,Entry price validated against OANDA candle; Exit price validated against OANDA candle,0.12
33,1,1,GBP_USD,bullish,4/7,2024-01-31 22:00:00,1.27022,1.2554761827745171,1.2790662903352896,1.2879125806705793,1.2997076344509655,1.3070795430637068,1.3218233602891898,2024-02-04 22:00:00,1.2554761827745171,NO,NO,NO,NO,NO,NO,SL,-1.00R,$-1900.00,LOSS,1474.4,0.0,YES,Entry price validated against OANDA candle; Exit price validated against OANDA candle,0.13
34,1,1,GBP_USD,bullish,4/7,2024-01-31 22:00:00,1.26688126,1.2555714554334803,1.2736671427399118,1.2804530254798234,1.2895008691330392,1.2951557714162991,1.3064655759828185,2024-02-04 22:00:00,1.2675598482739912,NO,NO,NO,NO,NO,NO,TP1+Trail,+0.06R,$+114.00,WIN,1131.0,0.0,NO,Entry price validated against OANDA candle; Exit price 1.2675598482739912 outside candle range [1.25184-1.26388],0.17
35,1,1,NZD_JPY,bullish,3/7,2024-01-31 22:00:00,89.534464,88.32517499566512,90.26003740260093,90.98561080520186,91.95304200866975,92.55768651083719,93.76697551517208,2024-02-20 22:00:00,92.08001735412492,NO,NO,NO,NO,NO,NO,TP4+Trail,+2.10R,$+3999.50,WIN,1209.3,0.0,NO,Entry price validated against OANDA candle; Exit price 92.08001735412492 outside candle range [92.404-92.992],0.00
36,1,1,NZD_JPY,bullish,3/7,2024-01-31 22:00:00,89.534464,88.33198392454618,90.2559520452723,90.97744009054459,91.93942415090764,92.54066418863455,93.74314426408837,2024-02-20 22:00:00,92.0656845588303,NO,NO,NO,NO,NO,NO,TP4+Trail,+2.11R,$+3999.50,WIN,1202.5,0.0,NO,Entry price validated against OANDA candle; Exit price 92.0656845588303 outside candle range [92.404-92.992],0.00
37,1,1,GBP_USD,bullish,4/7,2024-02-07 22:00:00,1.26184,1.2474973562490033,1.2704455862505981,1.2790511725011962,1.2905252875019937,1.2976966093774922,1.3120392531284888,2024-02-28 22:00:00,1.26270055862506,NO,NO,NO,NO,NO,NO,TP1+Trail,+0.06R,$+114.00,WIN,1434.3,0.0,YES,Entry price validated against OANDA candle; Exit price validated against OANDA candle,0.13
38,1,1,GBP_USD,bullish,4/7,2024-02-08 22:00:00,1.26302,1.247649687945503,1.2722421872326983,1.2814643744653964,1.293760624108994,1.3014457801362425,1.3168160921907397,2024-03-10 21:00:00,1.279312530777767,NO,NO,NO,NO,NO,NO,TP2+Trail,+1.06R,$+2014.00,WIN,1537.0,0.0,NO,Entry price validated against OANDA candle; Exit price 1.279312530777767 outside candle range [1.27951-1.28645],0.12
39,1,1,GBP_CAD,bullish,6/7,2024-02-08 22:00:00,1.69369144,1.671568152972791,1.7069654122163254,1.720239384432651,1.737938014054418,1.7489996575680227,1.7711229445952315,2024-02-29 22:00:00,1.7171421242488414,NO,NO,NO,NO,NO,NO,TP2+Trail,+1.06R,$+2014.00,WIN,2212.3,0.0,YES,Entry price validated against OANDA candle; Exit price validated against OANDA candle,0.09
40,1,1,GBP_CAD,bullish,4/7,2024-02-08 22:00:00,1.69369144,1.6716189991890202,1.706934904486588,1.7201783689731758,1.7378363216219597,1.7488725420274496,1.7709449828384294,2024-02-29 22:00:00,1.7170882272596388,NO,NO,NO,NO,NO,NO,TP2+Trail,+1.06R,$+2014.00,WIN,2207.2,0.0,YES,Entry price validated against OANDA candle; Exit price validated against OANDA candle,0.09
41,1,1,GBP_CAD,bullish,4/7,2024-02-08 22:00:00,1.69369144,1.6717162135326618,1.706876575880403,1.720061711760806,1.7376418929346766,1.7486295061683457,1.7706047326356842,2024-02-29 22:00:00,1.7169851800553786,NO,NO,NO,NO,NO,NO,TP2+Trail,+1.06R,$+2014.00,WIN,2197.5,0.0,YES,Entry price validated against OANDA candle; Exit price validated against OANDA candle,0.09
42,1,1,AUD_NZD,bullish,4/7,2024-02-13 22:00:00,1.06678,1.0563922399281473,1.0730126560431117,1.0792453120862233,1.0875555201437055,1.0927494001796318,1.1031371602514846,2024-03-21 21:00:00,1.0832445997138866,NO,NO,NO,NO,NO,NO,TP3+Trail,+1.58R,$+3011.50,WIN,1038.8,0.0,NO,Entry price validated against OANDA candle; Exit price 1.0832445997138866 outside candle range [1.08396-1.0875],0.18
43,1,1,AUD_NZD,bullish,5/7,2024-02-14 22:00:00,1.06868,1.0564138656475655,1.076039680611461,1.0833993612229216,1.0932122687048693,1.0993453358810865,1.1116114702335214,2024-04-09 21:00:00,1.088121822948609,NO,NO,NO,NO,NO,NO,TP3+Trail,+1.59R,$+3011.50,WIN,1226.6,0.0,YES,Entry price validated against OANDA candle; Exit price validated against OANDA candle,0.15
44,1,1,AUD_NZD,bullish,4/7,2024-02-15 22:00:00,1.06807394,1.0564096609584537,1.0750725074249279,1.0820710748498559,1.091402498083093,1.0972346376038662,1.1088989166454126,2024-04-09 21:00:00,1.0865618222808513,NO,NO,NO,NO,NO,NO,TP3+Trail,+1.59R,$+3011.50,WIN,1166.4,0.0,NO,Entry price validated against OANDA candle; Exit price 1.0865618222808513 outside candle range [1.08756-1.09437],0.16
45,1,1,AUD_CAD,bullish,4/7,2024-02-19 22:00:00,0.8855745199999999,0.8700833454158381,0.894869224750497,0.9041639295009941,0.9165568691683236,0.9243024564604045,0.9397936310445663,2024-03-18 21:00:00,0.8865039904750496,NO,NO,NO,NO,NO,NO,TP1+Trail,+0.06R,$+114.00,WIN,1549.1,0.0,YES,Entry price validated against OANDA candle; Exit price validated against OANDA candle,0.12
46,1,1,AUD_CAD,bullish,4/7,2024-02-19 22:00:00,0.8855745199999999,0.8700902493147068,0.8948650824111758,0.9041556448223517,0.9165430613705862,0.9242851967132327,0.9397694673985258,2024-03-18 21:00:00,0.8865035762411175,NO,NO,NO,NO,NO,NO,TP1+Trail,+0.06R,$+114.00,WIN,1548.4,0.0,YES,Entry price validated against OANDA candle; Exit price validated against OANDA candle,0.12
47,1,1,AUD_CAD,bullish,4/7,2024-02-19 22:00:00,0.8855745199999999,0.8701052315065134,0.8948560930960918,0.9041376661921837,0.9165130969869729,0.9242477412337162,0.9397170297272026,2024-03-18 21:00:00,0.8865026773096091,NO,NO,NO,NO,NO,NO,TP1+Trail,+0.06R,$+114.00,WIN,1546.9,0.0,YES,Entry price validated against OANDA candle; Exit price validated against OANDA candle,0.12
48,1,1,GBP_NZD,bullish,3/7,2024-02-20 22:00:00,2.0397418199999997,1.9986066936777453,2.0644228957933524,2.089103971586705,2.1220120726445084,2.1425796358056357,2.18371476212789,2024-03-06 22:00:00,2.0833450539015894,NO,NO,NO,NO,NO,NO,TP2+Trail,+1.06R,$+2014.00,WIN,4113.5,0.0,NO,Entry price validated against OANDA candle; Exit price 2.0833450539015894 outside candle range [2.06657-2.07864],0.05
49,1,1,GBP_NZD,bullish,3/7,2024-02-20 22:00:00,2.0397418199999997,1.9986208584150493,2.06441439695097,2.08908697390194,2.1219837431699005,2.1425442239623758,2.183665185547326,2024-03-06 22:00:00,2.0833300392800473,NO,NO,NO,NO,NO,NO,TP2+Trail,+1.06R,$+2014.00,WIN,4112.1,0.0,NO,Entry price validated against OANDA candle; Exit price 2.0833300392800473 outside candle range [2.06657-2.07864],0.05
50,1,1,GBP_NZD,bullish,4/7,2024-02-20 22:00:00,2.0397418199999997,1.9987340113854029,2.064346505168758,2.0889511903375158,2.1217574372291934,2.142261341536492,2.1832691501510886,2024-03-06 22:00:00,2.0832100971314724,NO,NO,NO,NO,NO,NO,TP2+Trail,+1.06R,$+2014.00,WIN,4100.8,0.0,NO,Entry price validated against OANDA candle; Exit price 2.0832100971314724 outside candle range [2.06657-2.07864],0.05
51,1,1,GBP_USD,bullish,5/7,2024-02-28 22:00:00,1.2616344800000001,1.247934603231038,1.2698544060613772,1.2780743321227546,1.2890342335379241,1.2958841719224052,1.309584048691367,2024-03-10 21:00:00,1.2833487846788048,NO,NO,NO,NO,NO,NO,TP3+Trail,+1.58R,$+3011.50,WIN,1370.0,0.0,YES,Entry price validated against OANDA candle; Exit price validated against OANDA candle,0.14
52,1,1,CAD_JPY,bullish,5/7,2024-03-05 22:00:00,109.961124,105.52104000933956,112.62517439439627,115.28922478879252,118.84129198132088,121.0613339766511,125.50141796731154,2024-04-28 21:00:00,114.66761303010007,NO,NO,NO,NO,NO,NO,TP2+Trail,+1.06R,$+2014.00,WIN,4440.1,0.0,YES,Entry price validated against OANDA candle; Exit price validated against OANDA candle,0.00
53,1,1,CAD_JPY,bullish,4/7,2024-03-05 22:00:00,109.961124,105.51918000867245,112.62629039479653,115.29145678959306,118.8450119826551,121.06598397831887,125.50792796964642,2024-04-28 21:00:00,114.6695846308072,NO,NO,NO,NO,NO,NO,TP2+Trail,+1.06R,$+2014.00,WIN,4441.9,0.0,YES,Entry price validated against OANDA candle; Exit price validated against OANDA candle,0.00
54,1,1,NZD_JPY,bullish,3/7,2024-03-07 22:00:00,90.863344,87.38034622752473,92.95314266348517,95.04294132697032,97.82933954495054,99.57083843118818,103.05383620366345,2024-04-29 21:00:00,94.55532163882378,NO,NO,NO,NO,NO,NO,TP2+Trail,+1.06R,$+2014.00,WIN,3483.0,0.0,NO,Entry price validated against OANDA candle; Exit price 94.55532163882378 outside candle range [92.828-93.655],0.00
55,1,1,NZD_JPY,bullish,4/7,2024-03-07 22:00:00,90.863344,87.03437863984439,93.16072321609336,95.45810243218672,98.52127472031121,100.43575740038901,104.26472276054463,2024-04-30 21:00:00,91.09308192160934,NO,NO,NO,NO,NO,NO,TP1+Trail,+0.06R,$+114.00,WIN,3829.0,0.0,YES,Entry price validated against OANDA candle; Exit price validated against OANDA candle,0.00
56,1,1,NZD_JPY,bullish,6/7,2024-03-07 22:00:00,90.863344,87.03253730842692,93.16182801494384,95.46031202988769,98.52495738314614,100.44036072893269,104.27116742050575,2024-04-30 21:00:00,91.09319240149438,NO,NO,NO,NO,NO,NO,TP1+Trail,+0.06R,$+114.00,WIN,3830.8,0.0,YES,Entry price validated against OANDA candle; Exit price validated against OANDA candle,0.00
57,1,1,AUD_CAD,bullish,3/7,2024-03-18 21:00:00,0.8855745199999999,0.8703483920348306,0.8947101967791015,0.9038458735582031,0.9160267759303385,0.9236398399129232,0.9388659678780925,2024-04-15 21:00:00,0.8864880876779101,NO,NO,NO,NO,NO,NO,TP1+Trail,+0.06R,$+114.00,WIN,1522.6,0.0,YES,Entry price validated against OANDA candle; Exit price validated against OANDA candle,0.12
58,1,1,GBP_USD,bullish,4/7,2024-03-20 21:00:00,1.2661879200000001,1.2482752052987742,1.2769355488207357,1.2876831776414712,1.302013349402452,1.310969706753065,1.3288824214542907,2024-04-11 21:00:00,1.2482752052987742,NO,NO,NO,NO,NO,NO,SL,-1.00R,$-1900.00,LOSS,1791.3,0.0,YES,Entry price validated against OANDA candle; Exit price validated against OANDA candle,0.11
59,1,1,GBP_USD,bullish,5/7,2024-03-20 21:00:00,1.2661879200000001,1.2484098334917189,1.276854771904969,1.2875216238099376,1.3017440930165627,1.3106331362707033,1.3284112227789846,2024-04-11 21:00:00,1.2484098334917189,NO,NO,NO,NO,NO,NO,SL,-1.00R,$-1900.00,LOSS,1777.8,0.0,YES,Entry price validated against OANDA candle; Exit price validated against OANDA candle,0.11
60,1,1,GBP_USD,bullish,5/7,2024-03-20 21:00:00,1.2661879200000001,1.2485519882423104,1.276769479054614,1.287351038109228,1.3014597835153796,1.3102777493942246,1.327913681151914,2024-04-11 21:00:00,1.2485519882423104,NO,NO,NO,NO,NO,NO,SL,-1.00R,$-1900.00,LOSS,1763.6,0.0,YES,Entry price validated against OANDA candle; Exit price validated against OANDA candle,0.11
61,1,1,GBP_CAD,bullish,5/7,2024-03-21 21:00:00,1.7087787,1.6886913406634458,1.7208311156019327,1.7328835312038653,1.7489534186731086,1.7589970983413856,1.77908445767794,2024-04-18 21:00:00,1.7099839415601934,NO,NO,NO,NO,NO,NO,TP1+Trail,+0.06R,$+114.00,WIN,2008.7,0.0,YES,Entry price validated against OANDA candle; Exit price validated against OANDA candle,0.09
62,1,1,GBP_CAD,bullish,5/7,2024-03-21 21:00:00,1.7087787,1.688823387758914,1.7207518873446517,1.7327250746893033,1.7486893244821722,1.7586669806027153,1.7786222928438011,2024-04-18 21:00:00,1.7099760187344653,NO,NO,NO,NO,NO,NO,TP1+Trail,+0.06R,$+114.00,WIN,1995.5,0.0,YES,Entry price validated against OANDA candle; Exit price validated against OANDA candle,0.10
63,1,1,GBP_CAD,bullish,3/7,2024-03-21 21:00:00,1.7087787,1.6887563600618487,1.7207921039628908,1.7328055079257818,1.7488233798763029,1.7588345498453786,1.77885688978353,2024-04-18 21:00:00,1.7099800403962893,NO,NO,NO,NO,NO,NO,TP1+Trail,+0.06R,$+114.00,WIN,2002.2,0.0,YES,Entry price validated against OANDA candle; Exit price validated against OANDA candle,0.09
64,1,1,AUD_CAD,bullish,5/7,2024-03-21 21:00:00,0.88644,0.8783458890845326,0.8912964665492804,0.8961529330985609,0.9026282218309348,0.9066752772886686,0.9147693882041359,2024-04-09 21:00:00,0.8950197575703954,NO,NO,NO,NO,NO,NO,TP2+Trail,+1.06R,$+2014.00,WIN,809.4,0.0,YES,Entry price validated against OANDA candle; Exit price validated against OANDA candle,0.23
65,1,1,GBP_JPY,bullish,6/7,2024-04-01 21:00:00,190.09265,187.35285278521224,191.73652832887265,193.3804066577453,195.5722444295755,196.94214303696938,199.68194025175714,2024-04-11 21:00:00,190.25703783288725,NO,NO,NO,NO,NO,NO,TP1+Trail,+0.06R,$+114.00,WIN,2739.8,0.0,YES,Entry price validated against OANDA candle; Exit price validated against OANDA candle,0.00
66,1,1,GBP_JPY,bullish,5/7,2024-04-01 21:00:00,190.09265,187.38050615769708,191.71993630538174,193.34722261076348,195.5169376846058,196.87300960575726,199.58515344806017,2024-04-11 21:00:00,190.25537863053816,NO,NO,NO,NO,NO,NO,TP1+Trail,+0.06R,$+114.00,WIN,2712.1,0.0,YES,Entry price validated against OANDA candle; Exit price validated against OANDA candle,0.00
67,1,1,ETH_USD,bullish,5/7,2024-04-08 21:00:00,3511.35,2940.166708589525,3854.0599748462846,4196.76994969257,4653.716582820949,4939.308228526187,5510.4915199366615,2024-04-16 21:00:00,2940.166708589525,NO,NO,NO,NO,NO,NO,SL,-1.00R,$-1900.00,LOSS,57118329.1,0.0,YES,Entry price validated against OANDA candle; Exit price validated against OANDA candle,0.00
68,1,1,ETH_USD,bullish,5/7,2024-04-09 21:00:00,3512.87,2943.4023008331305,3854.5506195001217,4196.2312390002435,4651.805398333739,4936.539247917173,5506.006947084043,2024-04-16 21:00:00,2943.4023008331305,NO,NO,NO,NO,NO,NO,SL,-1.00R,$-1900.00,LOSS,56946769.9,0.0,YES,Entry price validated against OANDA candle; Exit price validated against OANDA candle,0.00
69,1,1,GBP_JPY,bullish,3/7,2024-04-11 21:00:00,190.09265,187.3886017429676,191.71507895421942,193.33750790843885,195.50074651406476,196.85277064258094,199.55681889961335,2024-04-28 21:00:00,195.78467158105315,NO,NO,NO,NO,NO,NO,TP4+Trail,+2.10R,$+3999.50,WIN,2704.0,0.0,YES,Entry price validated against OANDA candle; Exit price validated against OANDA candle,0.00
70,1,1,GBP_JPY,bullish,3/7,2024-04-11 21:00:00,190.09265,187.40052304704136,191.70792617177517,193.32320234355035,195.47690390591725,196.82296738239657,199.5150943353552,2024-04-28 21:00:00,195.7595772359779,NO,NO,NO,NO,NO,NO,TP4+Trail,+2.10R,$+3999.50,WIN,2692.1,0.0,YES,Entry price validated against OANDA candle; Exit price validated against OANDA candle,0.00
71,1,1,GBP_JPY,bullish,3/7,2024-04-11 21:00:00,190.09265,187.41248568653842,191.70074858807695,193.30884717615388,195.45297862692314,196.7930607836539,199.47322509711552,2024-04-28 21:00:00,195.7343958798366,NO,NO,NO,NO,NO,NO,TP4+Trail,+2.10R,$+3999.50,WIN,2680.2,0.0,YES,Entry price validated against OANDA candle; Exit price validated against OANDA candle,0.00
72,1,1,AUD_CAD,bullish,3/7,2024-04-15 21:00:00,0.88581944,0.8778446156909205,0.8906043345854477,0.8953892291708954,0.901769088618159,0.9057565007726986,0.9137313250817782,2024-04-29 21:00:00,0.8942727537676244,NO,NO,NO,NO,NO,NO,TP2+Trail,+1.06R,$+2014.00,WIN,797.5,0.0,YES,Entry price validated against OANDA candle; Exit price validated against OANDA candle,0.24
73,1,1,GBP_CHF,bullish,4/7,2024-04-18 21:00:00,1.12583906,1.1085549169742146,1.136209545815471,1.1465800316309422,1.1604073460515705,1.1690494175644632,1.1863335605902483,2024-05-01 21:00:00,1.1441602516073321,NO,NO,NO,NO,NO,NO,TP2+Trail,+1.06R,$+2014.00,WIN,1728.4,0.0,YES,Entry price validated against OANDA candle; Exit price validated against OANDA candle,0.11
74,1,1,GBP_CHF,bullish,5/7,2024-04-18 21:00:00,1.12583906,1.1085313514760564,1.1362236851143659,1.146608310228732,1.1604544770478868,1.1691083313098587,1.186416039833802,2024-05-01 21:00:00,1.1441852310353797,NO,NO,NO,NO,NO,NO,TP2+Trail,+1.06R,$+2014.00,WIN,1730.8,0.0,YES,Entry price validated against OANDA candle; Exit price validated against OANDA candle,0.11
75,1,1,GBP_CHF,bullish,4/7,2024-04-18 21:00:00,1.12583906,1.1085594692277667,1.1362068144633397,1.1465745689266797,1.1603982415444662,1.1690380369305828,1.186317627702816,2024-05-01 21:00:00,1.144155426218567,NO,NO,NO,NO,NO,NO,TP2+Trail,+1.06R,$+2014.00,WIN,1728.0,0.0,YES,Entry price validated against OANDA candle; Exit price validated against OANDA candle,0.11
76,1,1,GBP_CAD,bullish,3/7,2024-04-18 21:00:00,1.7099838,1.6908094091133246,1.7214884345320054,1.7329930690640107,1.748332581773351,1.7579197772166888,1.7770941681033643,2024-04-21 21:00:00,1.6908094091133246,NO,NO,NO,NO,NO,NO,SL,-1.00R,$-1900.00,LOSS,1917.4,0.0,YES,Entry price validated against OANDA candle; Exit price validated against OANDA candle,0.10
77,1,1,GBP_CAD,bullish,4/7,2024-04-18 21:00:00,1.7099838,1.6909048084623728,1.7214311949225765,1.7328785898451529,1.7481417830752546,1.757681278844068,1.7767602703816956,2024-04-21 21:00:00,1.6909048084623728,NO,NO,NO,NO,NO,NO,SL,-1.00R,$-1900.00,LOSS,1907.9,0.0,YES,Entry price validated against OANDA candle; Exit price validated against OANDA candle,0.10
78,1,1,GBP_CAD,bullish,4/7,2024-04-18 21:00:00,1.7099838,1.6907744650007748,1.7215094009995353,1.7330350019990703,1.7484024699984506,1.7580071374980633,1.7772164724972885,2024-04-21 21:00:00,1.6907744650007748,NO,NO,NO,NO,NO,NO,SL,-1.00R,$-1900.00,LOSS,1920.9,0.0,YES,Entry price validated against OANDA candle; Exit price validated against OANDA candle,0.10
79,1,1,AUD_JPY,bullish,4/7,2024-04-18 21:00:00,98.393384,96.4997607246401,99.52955796521594,100.66573193043187,102.1806305507198,103.12744218839975,105.02106546375964,2024-04-28 21:00:00,102.3794609946326,NO,NO,NO,NO,NO,NO,TP4+Trail,+2.11R,$+3999.50,WIN,1893.6,0.0,YES,Entry price validated against OANDA candle; Exit price validated against OANDA candle,0.00
80,1,1,AUD_JPY,bullish,4/7,2024-04-18 21:00:00,98.393384,96.4887063871658,99.53619056770052,100.67899713540103,102.20273922566838,103.15507803208547,105.05975564491968,2024-04-28 21:00:00,102.40273037501596,NO,NO,NO,NO,NO,NO,TP4+Trail,+2.10R,$+3999.50,WIN,1904.7,0.0,YES,Entry price validated against OANDA candle; Exit price validated against OANDA candle,0.00
81,1,1,AUD_JPY,bullish,4/7,2024-04-18 21:00:00,98.393384,96.49037021665396,99.53519227000763,100.67700054001524,102.19941156669208,103.1509184583651,105.05393224171114,2024-04-28 21:00:00,102.39922801394341,NO,NO,NO,NO,NO,NO,TP4+Trail,+2.11R,$+3999.50,WIN,1903.0,0.0,YES,Entry price validated against OANDA candle; Exit price validated against OANDA candle,0.00
82,1,1,CAD_JPY,bullish,3/7,2024-04-18 21:00:00,111.485312,108.90179215307862,113.03542390815282,114.58553581630565,116.65235169384275,117.94411161730343,120.52763146422481,2024-04-28 21:00:00,114.22384303773666,NO,NO,NO,NO,NO,NO,TP2+Trail,+1.06R,$+2014.00,WIN,2583.5,0.0,YES,Entry price validated against OANDA candle; Exit price validated against OANDA candle,0.00
83,1,1,GBP_USD,bullish,5/7,2024-04-24 21:00:00,1.25132,1.226023965557952,1.2664976206652288,1.2816752413304577,1.3019120688840962,1.31456008610512,1.3398561205471684,2024-06-04 21:00:00,1.278133796508571,NO,NO,NO,NO,NO,NO,TP2+Trail,+1.06R,$+2014.00,WIN,2529.6,0.0,YES,Entry price validated against OANDA candle; Exit price validated against OANDA candle,0.08
84,1,1,GBP_CAD,bullish,4/7,2024-04-24 21:00:00,1.71262322,1.69857291166425,1.7210534050014499,1.7294835900029,1.7407238366714999,1.7477489908393748,1.7617992991751248,2024-05-01 21:00:00,1.713466238500145,NO,NO,NO,NO,NO,NO,TP1+Trail,+0.06R,$+114.00,WIN,1405.0,0.0,YES,Entry price validated against OANDA candle; Exit price validated against OANDA candle,0.14
85,1,1,GBP_CAD,bullish,3/7,2024-04-24 21:00:00,1.71262322,1.6983816322596608,1.7211681726442036,1.729713125288407,1.7411063954806785,1.748227189350848,1.7624687770911873,2024-05-01 21:00:00,1.7134777152644203,NO,NO,NO,NO,NO,NO,TP1+Trail,+0.06R,$+114.00,WIN,1424.2,0.0,YES,Entry price validated against OANDA candle; Exit price validated against OANDA candle,0.13
86,1,1,GBP_CAD,bullish,4/7,2024-04-24 21:00:00,1.71262322,1.6982268728125423,1.7212610283124747,1.7298988366249493,1.7414159143749155,1.7486140879686443,1.7630104351561022,2024-05-01 21:00:00,1.7134870008312475,NO,NO,NO,NO,NO,NO,TP1+Trail,+0.06R,$+114.00,WIN,1439.6,0.0,YES,Entry price validated against OANDA candle; Exit price validated against OANDA candle,0.13
87,1,1,GBP_USD,bullish,4/7,2024-04-25 21:00:00,1.25265372,1.225974396589527,1.268661314046284,1.284668908092568,1.3060123668209465,1.319352028526183,1.3460313519366562,2024-06-12 21:00:00,1.2809338028151016,NO,NO,NO,NO,NO,NO,TP2+Trail,+1.06R,$+2014.00,WIN,2667.9,0.0,NO,Entry price validated against OANDA candle; Exit price 1.2809338028151016 outside candle range [1.27384-1.28077],0.07
88,1,1,NZD_JPY,bullish,3/7,2024-04-30 21:00:00,91.294708,88.20401157066559,93.14912585760065,95.0035437152013,97.47610085866883,99.02144907333604,102.11214550267044,2024-07-10 21:00:00,97.80062398374895,NO,NO,NO,NO,NO,NO,TP4+Trail,+2.11R,$+3999.50,WIN,3090.7,0.0,YES,Entry price validated against OANDA candle; Exit price validated against OANDA candle,0.00
89,1,1,NZD_JPY,bullish,3/7,2024-04-30 21:00:00,91.294708,88.20001074418947,93.15152635348632,95.00834470697264,97.48410251162106,99.03145113952633,102.12614839533686,2024-07-10 21:00:00,96.19980315045969,NO,NO,NO,NO,NO,NO,TP3+Trail,+1.58R,$+3011.50,WIN,3094.7,0.0,NO,Entry price validated against OANDA candle; Exit price 96.19980315045969 outside candle range [96.514-98.597],0.00
90,1,1,NZD_JPY,bullish,3/7,2024-04-30 21:00:00,91.294708,88.17412426246165,93.16705824252301,95.03940848504602,97.53587547507671,99.09616734384588,102.21675108138425,2024-07-10 21:00:00,96.2408332239983,NO,NO,NO,NO,NO,NO,TP3+Trail,+1.58R,$+3011.50,WIN,3120.6,0.0,NO,Entry price validated against OANDA candle; Exit price 96.2408332239983 outside candle range [96.514-98.597],0.00
91,1,1,CAD_JPY,bullish,4/7,2024-04-30 21:00:00,111.485312,108.9007787988134,113.03603192071195,114.5867518414239,116.65437840237317,117.94664500296646,120.53117820415305,2024-05-14 21:00:00,114.22491719325778,NO,NO,NO,NO,NO,NO,TP2+Trail,+1.06R,$+2014.00,WIN,2584.5,0.0,YES,Entry price validated against OANDA candle; Exit price validated against OANDA candle,0.00
92,1,1,CAD_JPY,bullish,3/7,2024-04-30 21:00:00,111.485312,108.89826602746959,113.03753958351824,114.58976716703648,116.6594039450608,117.952926931326,120.53997290385641,2024-05-14 21:00:00,114.22758073088222,NO,NO,NO,NO,NO,NO,TP2+Trail,+1.06R,$+2014.00,WIN,2587.0,0.0,YES,Entry price validated against OANDA candle; Exit price validated against OANDA candle,0.00
93,1,1,CAD_JPY,bullish,3/7,2024-04-30 21:00:00,111.485312,108.85258988265034,113.0649452704098,114.64457854081958,116.75075623469931,118.06711729337414,120.6998394107238,2024-05-14 21:00:00,114.27599744439064,NO,NO,NO,NO,NO,NO,TP2+Trail,+1.06R,$+2014.00,WIN,2632.7,0.0,YES,Entry price validated against OANDA candle; Exit price validated against OANDA candle,0.00
94,1,1,GBP_JPY,bullish,5/7,2024-05-01 21:00:00,194.030594,188.8448192960578,197.14205882236533,200.25352364473065,204.4021434078844,206.99503075985552,212.1808054637977,2024-05-29 21:00:00,199.52751518617873,NO,NO,NO,NO,NO,NO,TP2+Trail,+1.06R,$+2014.00,WIN,5185.8,0.0,YES,Entry price validated against OANDA candle; Exit price validated against OANDA candle,0.00
95,1,1,GBP_NZD,bullish,3/7,2024-05-02 21:00:00,2.0871865400000003,2.060899431183486,2.102958805289909,2.1187310705798175,2.139760757633029,2.1529043120412865,2.1791914208578005,2024-06-05 21:00:00,2.060899431183486,NO,NO,NO,NO,NO,NO,SL,-1.00R,$-1900.00,LOSS,2628.7,0.0,YES,Entry price validated against OANDA candle; Exit price validated against OANDA candle,0.07
96,1,1,GBP_NZD,bullish,3/7,2024-05-02 21:00:00,2.0871865400000003,2.0609809003846653,2.102909923769201,2.1186333075384023,2.13959781923067,2.1527006390383376,2.1789062786536726,2024-06-05 21:00:00,2.0609809003846653,NO,NO,NO,NO,NO,NO,SL,-1.00R,$-1900.00,LOSS,2620.6,0.0,YES,Entry price validated against OANDA candle; Exit price validated against OANDA candle,0.07
97,1,1,GBP_NZD,bullish,4/7,2024-05-02 21:00:00,2.0871865400000003,2.0606101217857606,2.103132390928544,2.1190782418570877,2.1403393764284795,2.1536275855355993,2.180204003749839,2024-07-11 21:00:00,2.1153575433070944,NO,NO,NO,NO,NO,NO,TP2+Trail,+1.06R,$+2014.00,WIN,2657.6,0.0,NO,Entry price validated against OANDA candle; Exit price 2.1153575433070944 outside candle range [2.11547-2.12418],0.07
98,1,1,GBP_JPY,bullish,4/7,2024-05-06 21:00:00,194.030594,188.87754648919653,197.12242250648208,200.21425101296418,204.33668902160696,206.9132127770087,212.06626028781216,2024-05-29 21:00:00,199.49282436145168,NO,NO,NO,NO,NO,NO,TP2+Trail,+1.06R,$+2014.00,WIN,5153.0,0.0,YES,Entry price validated against OANDA candle; Exit price validated against OANDA candle,0.00
99,1,1,GBP_JPY,bullish,5/7,2024-05-06 21:00:00,194.030594,188.88879316853965,197.11567449887622,200.20075499775243,204.31419566292072,206.88509607865092,212.02689691011125,2024-05-29 21:00:00,199.480902881348,NO,NO,NO,NO,NO,NO,TP2+Trail,+1.06R,$+2014.00,WIN,5141.8,0.0,YES,Entry price validated against OANDA candle; Exit price validated against OANDA candle,0.00
100,1,1,AUD_NZD,bullish,6/7,2024-05-14 21:00:00,1.09338,1.083697450587474,1.0991895296475156,1.1049990592950314,1.1127450988250522,1.1175863735313154,1.1272689229438413,2024-05-22 21:00:00,1.083697450587474,NO,NO,NO,NO,NO,NO,SL,-1.00R,$-1900.00,LOSS,968.3,0.0,YES,Entry price validated against OANDA candle; Exit price validated against OANDA candle,0.20
101,1,1,AUD_NZD,bullish,6/7,2024-05-15 21:00:00,1.0922868,1.0837499467865104,1.0974089119280936,1.1025310238561874,1.109360506426979,1.1136289330337237,1.1221657862472132,2024-05-22 21:00:00,1.0837499467865104,NO,NO,NO,NO,NO,NO,SL,-1.00R,$-1900.00,LOSS,853.7,0.0,YES,Entry price validated against OANDA candle; Exit price validated against OANDA candle,0.22
102,1,1,AUD_NZD,bullish,5/7,2024-05-15 21:00:00,1.0922868,1.0837151326883687,1.0974298003869787,1.1025728007739573,1.1094301346232622,1.1137159682790778,1.122287635590709,2024-05-22 21:00:00,1.0837151326883687,NO,NO,NO,NO,NO,NO,SL,-1.00R,$-1900.00,LOSS,857.2,0.0,YES,Entry price validated against OANDA candle; Exit price validated against OANDA candle,0.22
103,1,1,CAD_JPY,bullish,5/7,2024-05-15 21:00:00,113.341832,108.75116763776397,116.09623061734162,118.85062923468323,122.52316072447205,124.81849290559006,129.4091572678261,2024-07-10 21:00:00,118.2079362239702,NO,NO,NO,NO,NO,NO,TP2+Trail,+1.06R,$+2014.00,WIN,4590.7,0.0,YES,Entry price validated against OANDA candle; Exit price validated against OANDA candle,0.00
104,1,1,CAD_JPY,bullish,4/7,2024-05-15 21:00:00,113.341832,108.76342709220941,116.08887494467434,118.83591788934869,122.49864181558117,124.78784426947647,129.36624917726704,2024-07-10 21:00:00,118.19494120225802,NO,NO,NO,NO,NO,NO,TP2+Trail,+1.06R,$+2014.00,WIN,4578.4,0.0,YES,Entry price validated against OANDA candle; Exit price validated against OANDA candle,0.00
105,1,1,CAD_JPY,bullish,5/7,2024-05-15 21:00:00,113.341832,108.73931899451505,116.10333980329096,118.86484760658193,122.5468580109699,124.84811451371237,129.45062751919733,2024-07-22 21:00:00,113.6179827803291,NO,NO,NO,NO,NO,NO,TP1+Trail,+0.06R,$+114.00,WIN,4602.5,0.0,YES,Entry price validated against OANDA candle; Exit price validated against OANDA candle,0.00
106,1,1,XAU_USD,bullish,5/7,2024-05-28 21:00:00,2338.145,2259.6965107564106,2385.2140935461534,2432.2831870923073,2495.0419784871788,2534.2662231089735,2612.714712352563,2024-06-09 21:00:00,2342.851909354615,NO,NO,NO,NO,NO,NO,TP1+Trail,+0.06R,$+114.00,WIN,7844.8,0.0,NO,Entry price validated against OANDA candle; Exit price 2342.851909354615 outside candle range [2287.805-2313.865],0.02
107,1,1,XAU_USD,bullish,4/7,2024-05-29 21:00:00,2343.34,2259.9126528452384,2393.3964082928574,2443.452816585714,2510.1946943095236,2551.9083678869047,2635.335715041666,2024-07-18 21:00:00,2431.7729879840476,NO,NO,NO,NO,NO,NO,TP2+Trail,+1.06R,$+2014.00,WIN,8342.7,0.0,YES,Entry price validated against OANDA candle; Exit price validated against OANDA candle,0.02
108,1,1,XAU_USD,bullish,5/7,2024-05-30 21:00:00,2343.34696,2259.76032049915,2393.4989437005097,2443.6509274010195,2510.5202390016993,2552.313558752124,2635.900198252974,2024-07-18 21:00:00,2431.9487978709008,NO,NO,NO,NO,NO,NO,TP2+Trail,+1.06R,$+2014.00,WIN,8358.7,0.0,YES,Entry price validated against OANDA candle; Exit price validated against OANDA candle,0.02
109,1,1,GBP_CHF,bullish,2/7,2024-06-03 21:00:00,1.13636852,1.1139071719724865,1.149845328816508,1.1633221376330163,1.181291216055027,1.1925218900687837,1.2149832380962975,2024-07-24 21:00:00,1.1377162008816508,NO,NO,NO,NO,NO,NO,TP1+Trail,+0.06R,$+114.00,WIN,2246.1,0.0,YES,Entry price validated against OANDA candle; Exit price validated against OANDA candle,0.08
110,1,1,GBP_CHF,bullish,3/7,2024-06-03 21:00:00,1.13636852,1.1138920168315947,1.1498544219010431,1.1633403238020863,1.1813215263368106,1.1925597779210133,1.2150362810894186,2024-07-24 21:00:00,1.1377171101901042,NO,NO,NO,NO,NO,NO,TP1+Trail,+0.06R,$+114.00,WIN,2247.7,0.0,YES,Entry price validated against OANDA candle; Exit price validated against OANDA candle,0.08
111,1,1,GBP_CHF,bullish,4/7,2024-06-03 21:00:00,1.13676,1.113679372772195,1.150608376336683,1.164456752673366,1.18292125445561,1.1944615680695125,1.2175421952973176,2024-07-24 21:00:00,1.1381448376336682,NO,NO,NO,NO,NO,NO,TP1+Trail,+0.06R,$+114.00,WIN,2308.1,0.0,YES,Entry price validated against OANDA candle; Exit price validated against OANDA candle,0.08
112,1,1,GBP_NZD,bullish,4/7,2024-06-06 21:00:00,2.07603276,2.0625079531381165,2.08414764411713,2.09226252823426,2.1030823737237667,2.1098447771547084,2.123369584016592,2024-06-10 21:00:00,2.076844248411713,NO,NO,NO,NO,NO,NO,TP1+Trail,+0.06R,$+114.00,WIN,1352.5,0.0,YES,Entry price validated against OANDA candle; Exit price validated against OANDA candle,0.14
113,1,1,GBP_NZD,bullish,4/7,2024-06-06 21:00:00,2.07603276,2.062555599342537,2.084119056394478,2.0922053527889553,2.1029870813149256,2.1097256616436573,2.1232028223011197,2024-06-10 21:00:00,2.0768413896394478,NO,NO,NO,NO,NO,NO,TP1+Trail,+0.06R,$+114.00,WIN,1347.7,0.0,YES,Entry price validated against OANDA candle; Exit price validated against OANDA candle,0.14
114,1,1,AUD_CAD,bullish,4/7,2024-06-06 21:00:00,0.90521344,0.8920845102239383,0.9130907978656371,0.9209681557312741,0.9314712995521235,0.9380357644401544,0.9511646942162161,2024-07-08 21:00:00,0.9191301055626254,NO,NO,NO,NO,NO,NO,TP2+Trail,+1.06R,$+2014.00,WIN,1312.9,0.0,YES,Entry price validated against OANDA candle; Exit price validated against OANDA candle,0.14
115,1,1,AUD_CAD,bullish,4/7,2024-06-06 21:00:00,0.90521344,0.8921273309222285,0.913065105446663,0.9209167708933259,0.9313856581555431,0.9379287126944289,0.9510148217722003,2024-07-08 21:00:00,0.9190847156224379,NO,NO,NO,NO,NO,NO,TP2+Trail,+1.06R,$+2014.00,WIN,1308.6,0.0,YES,Entry price validated against OANDA candle; Exit price validated against OANDA candle,0.15
116,1,1,AUD_CAD,bullish,4/7,2024-06-06 21:00:00,0.90521344,0.8921176644277836,0.9130709053433299,0.9209283706866598,0.9314049911444329,0.9379528789305411,0.9510486545027574,2024-07-08 21:00:00,0.9190949621065495,NO,NO,NO,NO,NO,NO,TP2+Trail,+1.06R,$+2014.00,WIN,1309.6,0.0,YES,Entry price validated against OANDA candle; Exit price validated against OANDA candle,0.15
117,1,1,GBP_NZD,bullish,4/7,2024-06-10 21:00:00,2.07603276,2.0626273422466412,2.0840760106520153,2.0921192613040303,2.1028435955067173,2.1095463043833966,2.1229517221367553,2024-06-20 21:00:00,2.0626273422466412,NO,NO,NO,NO,NO,NO,SL,-1.00R,$-1900.00,LOSS,1340.5,0.0,YES,Entry price validated against OANDA candle; Exit price validated against OANDA candle,0.14
118,1,1,GBP_NZD,bullish,5/7,2024-06-10 21:00:00,2.07603276,2.06216217494331,2.084355111034014,2.092677462068028,2.10377393011338,2.110709222641725,2.124579807698415,2024-06-20 21:00:00,2.06216217494331,NO,NO,NO,NO,NO,NO,SL,-1.00R,$-1900.00,LOSS,1387.1,0.0,YES,Entry price validated against OANDA candle; Exit price validated against OANDA candle,0.14
119,1,1,GBP_USD,bullish,3/7,2024-06-13 21:00:00,1.27234264,1.2473127353014613,1.2873605828191232,1.3023785256382465,1.3224024493970774,1.3349174017463468,1.3599473064448855,2024-07-17 21:00:00,1.2988743389804511,NO,NO,NO,NO,NO,NO,TP2+Trail,+1.06R,$+2014.00,WIN,2503.0,0.0,YES,Entry price validated against OANDA candle; Exit price validated against OANDA candle,0.08
120,1,1,GBP_USD,bullish,3/7,2024-06-13 21:00:00,1.27234264,1.247208111351357,1.2874233571891858,1.3025040743783716,1.3226116972972861,1.3351789616216077,1.3603134902702507,2024-07-17 21:00:00,1.2989852403675615,NO,NO,NO,NO,NO,NO,TP2+Trail,+1.06R,$+2014.00,WIN,2513.5,0.0,YES,Entry price validated against OANDA candle; Exit price validated against OANDA candle,0.08
121,1,1,AUD_NZD,bullish,5/7,2024-06-17 21:00:00,1.08328884,1.0712642629053528,1.0905035862567884,1.0977183325135766,1.1073379941892945,1.1133502827366182,1.1253748598312652,2024-07-02 21:00:00,1.096034891720326,NO,NO,NO,NO,NO,NO,TP2+Trail,+1.06R,$+2014.00,WIN,1202.5,0.0,NO,Entry price validated against OANDA candle; Exit price 1.096034891720326 outside candle range [1.09614-1.09942],0.16
122,1,1,AUD_NZD,bullish,5/7,2024-06-17 21:00:00,1.08328884,1.0712718155549705,1.0904990546670177,1.0977092693340353,1.107322888890059,1.113331401112574,1.1253484255576032,2024-07-02 21:00:00,1.0960268859117313,NO,NO,NO,NO,NO,NO,TP2+Trail,+1.06R,$+2014.00,WIN,1201.7,0.0,NO,Entry price validated against OANDA candle; Exit price 1.0960268859117313 outside candle range [1.09614-1.09942],0.16
123,1,1,AUD_NZD,bullish,4/7,2024-06-17 21:00:00,1.08328884,1.071297757301044,1.0904834896193736,1.0976781392387471,1.107271005397912,1.11326654674739,1.125257629446346,2024-07-02 21:00:00,1.0959993876608933,NO,NO,NO,NO,NO,NO,TP2+Trail,+1.06R,$+2014.00,WIN,1199.1,0.0,NO,Entry price validated against OANDA candle; Exit price 1.0959993876608933 outside candle range [1.09614-1.09942],0.16
124,1,1,GBP_USD,bullish,5/7,2024-06-18 21:00:00,1.27202,1.2474136358013597,1.286783818519184,1.3015476370383683,1.3212327283972805,1.3335359104966007,1.3581422746952407,2024-07-17 21:00:00,1.2981027460505585,NO,NO,NO,NO,NO,NO,TP2+Trail,+1.06R,$+2014.00,WIN,2460.6,0.0,YES,Entry price validated against OANDA candle; Exit price validated against OANDA candle,0.08
125,1,1,XAU_USD,bullish,3/7,2024-06-19 21:00:00,2349.20869,2268.6348757154788,2397.5529785707126,2445.8972671414253,2510.3563185690423,2550.643225711303,2631.217039995824,2024-07-18 21:00:00,2434.616933141592,NO,NO,NO,NO,NO,NO,TP2+Trail,+1.06R,$+2014.00,WIN,8057.4,0.0,YES,Entry price validated against OANDA candle; Exit price validated against OANDA candle,0.02
126,1,1,CAD_CHF,bullish,2/7,2024-06-24 21:00:00,0.65390782,0.6220260181359628,0.6730369011184224,0.6921659822368447,0.7176714237280745,0.7336123246600931,0.7654941265241303,2024-08-01 21:00:00,0.6220260181359628,NO,NO,NO,NO,NO,NO,SL,-1.00R,$-1900.00,LOSS,3188.2,0.0,YES,Entry price validated against OANDA candle; Exit price validated against OANDA candle,0.06
127,1,1,GBP_CAD,bullish,4/7,2024-06-27 21:00:00,1.72978,1.7047101269004725,1.7448219238597167,1.7598638477194333,1.7799197461990552,1.792454682748819,1.8175245558483466,2024-07-18 21:00:00,1.7695157488627513,NO,NO,NO,NO,NO,NO,TP3+Trail,+1.59R,$+3011.50,WIN,2507.0,0.0,NO,Entry price validated against OANDA candle; Exit price 1.7695157488627513 outside candle range [1.76968-1.77672],0.08
128,1,1,AUD_JPY,bullish,3/7,2024-07-16 21:00:00,105.197174,97.47528868523756,109.83030518885747,114.46343637771494,120.6409446295249,124.50188728690611,132.22377260166857,2024-07-30 21:00:00,97.47528868523756,NO,NO,NO,NO,NO,NO,SL,-1.00R,$-1900.00,LOSS,7721.9,0.0,YES,Entry price validated against OANDA candle; Exit price validated against OANDA candle,0.00
129,1,1,AUD_JPY,bullish,4/7,2024-07-16 21:00:00,105.124,97.44465377914916,109.7316077325105,114.339215465021,120.48269244170166,124.32236555212708,132.0017117729779,2024-07-30 21:00:00,97.44465377914916,NO,NO,NO,NO,NO,NO,SL,-1.00R,$-1900.00,LOSS,7679.3,0.0,YES,Entry price validated against OANDA candle; Exit price validated against OANDA candle,0.00
130,1,1,AUD_JPY,bullish,4/7,2024-07-17 21:00:00,105.197174,97.43540708063851,109.8542341516169,114.5112943032338,120.72070783872299,124.60159129840373,132.3633582177652,2024-07-30 21:00:00,97.43540708063851,NO,NO,NO,NO,NO,NO,SL,-1.00R,$-1900.00,LOSS,7761.8,0.0,YES,Entry price validated against OANDA candle; Exit price validated against OANDA candle,0.00
131,1,1,GBP_JPY,bullish,2/7,2024-07-24 21:00:00,197.76850000000002,190.58468282002414,202.07879030798554,206.38908061597107,212.13613435995177,215.72804294993972,222.91186012991557,2024-07-31 21:00:00,190.58468282002414,NO,NO,NO,NO,NO,NO,SL,-1.00R,$-1900.00,LOSS,7183.8,0.0,YES,Entry price validated against OANDA candle; Exit price validated against OANDA candle,0.00
132,1,1,GBP_JPY,bullish,2/7,2024-07-24 21:00:00,197.76850000000002,190.5952054757367,202.072476714558,206.376453429116,212.11508904852667,215.70173631065833,222.87503083492166,2024-07-31 21:00:00,190.5952054757367,NO,NO,NO,NO,NO,NO,SL,-1.00R,$-1900.00,LOSS,7173.3,0.0,YES,Entry price validated against OANDA candle; Exit price validated against OANDA candle,0.00
133,1,1,GBP_JPY,bullish,3/7,2024-07-24 21:00:00,197.76850000000002,190.58897651318406,202.0762140920896,206.38392818417915,212.12754697363192,215.71730871703988,222.89683220385587,2024-07-31 21:00:00,190.58897651318406,NO,NO,NO,NO,NO,NO,SL,-1.00R,$-1900.00,LOSS,7179.5,0.0,YES,Entry price validated against OANDA candle; Exit price validated against OANDA candle,0.00
134,1,1,GBP_CHF,bullish,4/7,2024-07-24 21:00:00,1.13770716,1.1188363920668418,1.149029620759895,1.1603520815197896,1.1754486958663162,1.1848840798328952,1.2037548477660533,2024-07-31 21:00:00,1.1188363920668418,NO,NO,NO,NO,NO,NO,SL,-1.00R,$-1900.00,LOSS,1887.1,0.0,YES,Entry price validated against OANDA candle; Exit price validated against OANDA candle,0.10
135,1,1,GBP_CHF,bullish,3/7,2024-07-24 21:00:00,1.13770716,1.118896649776353,1.148993466134188,1.1602797722683762,1.1753281804472937,1.1847334355591173,1.203543945782764,2024-07-31 21:00:00,1.118896649776353,NO,NO,NO,NO,NO,NO,SL,-1.00R,$-1900.00,LOSS,1881.1,0.0,YES,Entry price validated against OANDA candle; Exit price validated against OANDA candle,0.10
136,1,1,GBP_CHF,bullish,4/7,2024-07-24 21:00:00,1.13770716,1.1189454605066136,1.1489641796960317,1.1602211993920635,1.1752305589867726,1.1846114087334658,1.2033731082268522,2024-07-31 21:00:00,1.1189454605066136,NO,NO,NO,NO,NO,NO,SL,-1.00R,$-1900.00,LOSS,1876.2,0.0,YES,Entry price validated against OANDA candle; Exit price validated against OANDA candle,0.10
137,1,1,XAU_USD,bullish,4/7,2024-07-24 21:00:00,2362.04962,2269.851371561109,2417.3685690633342,2472.6875181266687,2546.4461168777816,2592.545241097227,2684.743489536118,2024-08-04 21:00:00,2459.779763345224,NO,NO,NO,NO,NO,NO,TP2+Trail,+1.06R,$+2014.00,WIN,9219.8,0.0,NO,Entry price validated against OANDA candle; Exit price 2459.779763345224 outside candle range [2364.39-2458.875],0.02
138,1,1,XAU_USD,bullish,3/7,2024-07-24 21:00:00,2362.04962,2270.2153807353156,2417.15016355881,2472.2507071176205,2545.718098529368,2591.6352181617103,2683.469457426394,2024-08-04 21:00:00,2459.393913620565,NO,NO,NO,NO,NO,NO,TP2+Trail,+1.06R,$+2014.00,WIN,9183.4,0.0,NO,Entry price validated against OANDA candle; Exit price 2459.393913620565 outside candle range [2364.39-2458.875],0.02
139,1,1,XAU_USD,bullish,4/7,2024-07-24 21:00:00,2362.04962,2270.14481782565,2417.19250130461,2472.3353826092193,2545.859224348699,2591.811625435874,2683.716427610224,2024-08-04 21:00:00,2459.468710304811,NO,NO,NO,NO,NO,NO,TP2+Trail,+1.06R,$+2014.00,WIN,9190.5,0.0,NO,Entry price validated against OANDA candle; Exit price 2459.468710304811 outside candle range [2364.39-2458.875],0.02
140,1,1,GBP_USD,bullish,3/7,2024-07-31 21:00:00,1.2777824,1.2476656849630563,1.2958524290221662,1.3139224580443325,1.3380158300738874,1.3530741875923593,1.3831909026293028,2024-09-02 21:00:00,1.3097061179391605,NO,NO,NO,NO,NO,NO,TP2+Trail,+1.06R,$+2014.00,WIN,3011.7,0.0,YES,Entry price validated against OANDA candle; Exit price validated against OANDA candle,0.06
141,1,1,GBP_USD,bullish,4/7,2024-07-31 21:00:00,1.2777824,1.2477601360371238,1.2957957583777258,1.3138091167554515,1.3378269279257524,1.3528380599071905,1.3828603238700667,2024-09-02 21:00:00,1.3096059998006488,NO,NO,NO,NO,NO,NO,TP2+Trail,+1.06R,$+2014.00,WIN,3002.2,0.0,YES,Entry price validated against OANDA candle; Exit price validated against OANDA candle,0.06
142,1,1,GBP_USD,bullish,4/7,2024-07-31 21:00:00,1.2777824,1.2476961263201864,1.295834164207888,1.3138859284157762,1.337954947359627,1.352998084199534,1.3830843578793472,2024-09-02 21:00:00,1.3096738501006022,NO,NO,NO,NO,NO,NO,TP2+Trail,+1.06R,$+2014.00,WIN,3008.6,0.0,YES,Entry price validated against OANDA candle; Exit price validated against OANDA candle,0.06
143,1,1,GBP_CAD,bullish,4/7,2024-08-05 21:00:00,1.74933566,1.723399395682967,1.76489741859022,1.78045917718044,1.8012081886340663,1.814176320792583,1.8401125851096158,2024-08-21 21:00:00,1.7768281001760553,NO,NO,NO,NO,NO,NO,TP2+Trail,+1.06R,$+2014.00,WIN,2593.6,0.0,YES,Entry price validated against OANDA candle; Exit price validated against OANDA candle,0.07
144,1,1,GBP_CAD,bullish,4/7,2024-08-05 21:00:00,1.74933566,1.7233580102770407,1.7649222498337758,1.7805088396675512,1.8012909594459188,1.8142797843073986,1.8402574340303577,2024-08-21 21:00:00,1.776871968706337,NO,NO,NO,NO,NO,NO,TP2+Trail,+1.06R,$+2014.00,WIN,2597.8,0.0,YES,Entry price validated against OANDA candle; Exit price validated against OANDA candle,0.07
145,1,1,GBP_CAD,bullish,3/7,2024-08-05 21:00:00,1.74933566,1.723170295257252,1.765034878845649,1.7807340976912978,1.801666389485496,1.8147490718568702,1.840914436599618,2024-08-21 21:00:00,1.7770709466273131,NO,NO,NO,NO,NO,NO,TP2+Trail,+1.06R,$+2014.00,WIN,2616.5,0.0,YES,Entry price validated against OANDA candle; Exit price validated against OANDA candle,0.07
146,1,1,GBP_NZD,bullish,3/7,2024-08-06 21:00:00,2.11050584,2.054316584567576,2.1442193932594544,2.177932946518909,2.222884350864848,2.2509789785810597,2.307168234013484,2024-08-28 21:00:00,2.1138771953259456,NO,NO,NO,NO,NO,NO,TP1+Trail,+0.06R,$+114.00,WIN,5618.9,0.0,YES,Entry price validated against OANDA candle; Exit price validated against OANDA candle,0.03
147,1,1,GBP_NZD,bullish,3/7,2024-08-06 21:00:00,2.11050584,2.054223971384178,2.1442749611694936,2.1780440823389866,2.2230695772316444,2.2512105115395555,2.3074923801553777,2024-08-28 21:00:00,2.1138827521169494,NO,NO,NO,NO,NO,NO,TP1+Trail,+0.06R,$+114.00,WIN,5628.2,0.0,YES,Entry price validated against OANDA candle; Exit price validated against OANDA candle,0.03
148,1,1,GBP_NZD,bullish,3/7,2024-08-06 21:00:00,2.11050584,2.0535061877138796,2.1447056313716724,2.1789054227433446,2.224505144572241,2.2530049707153013,2.3100046230014217,2024-08-28 21:00:00,2.1139258191371675,NO,NO,NO,NO,NO,NO,TP1+Trail,+0.06R,$+114.00,WIN,5700.0,0.0,YES,Entry price validated against OANDA candle; Exit price validated against OANDA candle,0.03
149,1,1,AUD_NZD,bullish,4/7,2024-08-06 21:00:00,1.08934736,1.070435791367323,1.1006943011796064,1.1120412423592125,1.1271704972653542,1.1366262815816928,1.1555378502143698,2024-08-26 21:00:00,1.0904820541179607,NO,NO,NO,NO,NO,NO,TP1+Trail,+0.06R,$+114.00,WIN,1891.2,0.0,YES,Entry price validated against OANDA candle; Exit price validated against OANDA candle,0.10
150,1,1,AUD_NZD,bullish,5/7,2024-08-06 21:00:00,1.08934736,1.0704728776982286,1.100672049381063,1.111996738762126,1.127096324603543,1.1365335657544287,1.1554080480562003,2024-08-26 21:00:00,1.0904798289381064,NO,NO,NO,NO,NO,NO,TP1+Trail,+0.06R,$+114.00,WIN,1887.4,0.0,YES,Entry price validated against OANDA candle; Exit price validated against OANDA candle,0.10
151,1,1,AUD_NZD,bullish,4/7,2024-08-06 21:00:00,1.08934736,1.0702583864340693,1.1008007441395586,1.112254128279117,1.1275253071318616,1.137069793914827,1.1561587674807576,2024-08-26 21:00:00,1.090492698413956,NO,NO,NO,NO,NO,NO,TP1+Trail,+0.06R,$+114.00,WIN,1908.9,0.0,YES,Entry price validated against OANDA candle; Exit price validated against OANDA candle,0.10
152,1,1,AUD_USD,bullish,5/7,2024-08-07 21:00:00,0.65203764,0.6176366270222703,0.6726782477866378,0.6933188555732755,0.7208396659554593,0.7380401724443242,0.7724411854220539,2024-09-29 21:00:00,0.6885027137563934,NO,NO,NO,NO,NO,NO,TP2+Trail,+1.06R,$+2014.00,WIN,3440.1,0.0,NO,Entry price validated against OANDA candle; Exit price 0.6885027137563934 outside candle range [0.68978-0.69426],0.06
153,1,1,AUD_JPY,bullish,4/7,2024-08-07 21:00:00,97.096,89.23109853339136,101.81494087996519,106.53388175993038,112.82580293321729,116.75825366652161,124.62315513313025,2024-12-01 22:00:00,97.56789408799652,NO,NO,NO,NO,NO,NO,TP1+Trail,+0.06R,$+114.00,WIN,7864.9,0.0,YES,Entry price validated against OANDA candle; Exit price validated against OANDA candle,0.00
154,1,1,AUD_CAD,bullish,5/7,2024-08-07 21:00:00,0.90104492,0.882227790723159,0.9123351975661046,0.9236254751322092,0.938679178553682,0.9480877431921024,0.9669048724689435,2024-09-18 21:00:00,0.9209910770334514,NO,NO,NO,NO,NO,NO,TP2+Trail,+1.06R,$+2014.00,WIN,1881.7,0.0,YES,Entry price validated against OANDA candle; Exit price validated against OANDA candle,0.10
155,1,1,AUD_CAD,bullish,5/7,2024-08-08 21:00:00,0.90228,0.882291162814362,0.9142733023113827,0.9262666046227654,0.9422576743712758,0.9522520929640947,0.9722409301497328,2024-09-08 21:00:00,0.9034793302311382,NO,NO,NO,NO,NO,NO,TP1+Trail,+0.06R,$+114.00,WIN,1998.9,0.0,YES,Entry price validated against OANDA candle; Exit price validated against OANDA candle,0.10
156,1,1,AUD_USD,bullish,5/7,2024-08-12 21:00:00,0.66225936,0.6177373425820413,0.6889725704507752,0.7156857809015504,0.7513033948359173,0.7735644035448968,0.8180864209628553,2024-10-22 21:00:00,0.6649306810450775,NO,NO,NO,NO,NO,NO,TP1+Trail,+0.06R,$+114.00,WIN,4452.2,0.0,YES,Entry price validated against OANDA candle; Exit price validated against OANDA candle,0.04
157,1,1,AUD_USD,bullish,4/7,2024-08-12 21:00:00,0.66225936,0.6177166752547526,0.6889849708471484,0.7157105816942968,0.7513447294904947,0.7736160718631184,0.8181587566083657,2024-10-22 21:00:00,0.6649319210847148,NO,NO,NO,NO,NO,NO,TP1+Trail,+0.06R,$+114.00,WIN,4454.3,0.0,YES,Entry price validated against OANDA candle; Exit price validated against OANDA candle,0.04
158,1,1,ETH_USD,bullish,4/7,2024-08-13 21:00:00,2779.5624800000005,1981.1520779873845,3258.60872120757,3737.65496241514,4376.383284025233,4775.588485031541,5573.998887044157,2024-12-02 22:00:00,3625.8775061333736,NO,NO,NO,NO,NO,NO,TP2+Trail,+1.06R,$+2014.00,WIN,79841040.2,0.0,YES,Entry price validated against OANDA candle; Exit price validated against OANDA candle,0.00
159,1,1,ETH_USD,bullish,4/7,2024-08-13 21:00:00,2779.5624800000005,1983.0626438454283,3257.4623816927437,3735.362283385487,4372.562152309145,4770.8120703864315,5567.311906541003,2024-12-02 22:00:00,3623.852306323847,NO,NO,NO,NO,NO,NO,TP2+Trail,+1.06R,$+2014.00,WIN,79649983.6,0.0,YES,Entry price validated against OANDA candle; Exit price validated against OANDA candle,0.00
160,1,1,ETH_USD,bullish,4/7,2024-08-13 21:00:00,2779.5624800000005,1983.346740713612,3257.2919235718336,3735.021367143667,4371.993958572777,4770.101828215971,5566.31756750236,2024-12-02 22:00:00,3623.551163643572,NO,NO,NO,NO,NO,NO,TP2+Trail,+1.06R,$+2014.00,WIN,79621573.9,0.0,YES,Entry price validated against OANDA candle; Exit price validated against OANDA candle,0.00
161,1,1,GBP_JPY,bullish,5/7,2024-08-14 21:00:00,190.804876,178.5903760583275,198.1335759650035,205.462275930007,215.233875883345,221.34112585418126,233.55562579585376,2024-11-26 22:00:00,191.53774599650035,NO,NO,NO,NO,NO,NO,TP1+Trail,+0.06R,$+114.00,WIN,12214.5,0.0,YES,Entry price validated against OANDA candle; Exit price validated against OANDA candle,0.00
162,1,1,GBP_JPY,bullish,5/7,2024-08-14 21:00:00,190.804876,178.62867062558982,198.1105992246461,205.41632244929224,215.15728674882038,221.24538943602548,233.42159481043566,2024-11-26 22:00:00,191.53544832246462,NO,NO,NO,NO,NO,NO,TP1+Trail,+0.06R,$+114.00,WIN,12176.2,0.0,YES,Entry price validated against OANDA candle; Exit price validated against OANDA candle,0.00
163,1,1,GBP_JPY,bullish,4/7,2024-08-14 21:00:00,190.804876,178.64955129519055,198.0980708228857,205.39126564577137,215.11552540961893,221.19318776202365,233.3485124668331,2024-11-26 22:00:00,191.53419548228857,NO,NO,NO,NO,NO,NO,TP1+Trail,+0.06R,$+114.00,WIN,12155.3,0.0,YES,Entry price validated against OANDA candle; Exit price validated against OANDA candle,0.00
164,1,1,GBP_NZD,bullish,4/7,2024-08-28 21:00:00,2.1107654,2.0536793660889563,2.1450170203466263,2.1792686406932527,2.2249374678220875,2.2534804847776093,2.310566518688653,2024-10-29 21:00:00,2.1712765959457063,NO,NO,NO,NO,NO,NO,TP2+Trail,+1.06R,$+2014.00,WIN,5708.6,0.0,YES,Entry price validated against OANDA candle; Exit price validated against OANDA candle,0.03
165,1,1,GBP_NZD,bullish,4/7,2024-08-28 21:00:00,2.1107654,2.053661197082602,2.145027921750439,2.1792904435008773,2.2249738058347956,2.2535259072934943,2.3106301102108926,2024-10-29 21:00:00,2.171295855092442,NO,NO,NO,NO,NO,NO,TP2+Trail,+1.06R,$+2014.00,WIN,5710.4,0.0,YES,Entry price validated against OANDA candle; Exit price validated against OANDA candle,0.03
166,1,1,GBP_NZD,bullish,5/7,2024-09-02 21:00:00,2.12065,2.0758226903416315,2.147546385795021,2.174442771590042,2.210304619316737,2.2327182741459213,2.2775455838042893,2024-10-29 21:00:00,2.1681669482378703,NO,NO,NO,NO,NO,NO,TP2+Trail,+1.06R,$+2014.00,WIN,4482.7,0.0,YES,Entry price validated against OANDA candle; Exit price validated against OANDA candle,0.04
167,1,1,AUD_NZD,bullish,6/7,2024-09-11 21:00:00,1.0891667,1.0761097419609458,1.0970008748234326,1.104835049646865,1.1152806160781086,1.1218090950976358,1.1348660531366899,2024-10-06 21:00:00,1.1030070755213977,NO,NO,NO,NO,NO,NO,TP2+Trail,+1.06R,$+2014.00,WIN,1305.7,0.0,YES,Entry price validated against OANDA candle; Exit price validated against OANDA candle,0.15
168,1,1,AUD_NZD,bullish,4/7,2024-09-12 21:00:00,1.08876,1.0761586889637353,1.0963207866217588,1.1038815732435174,1.1139626220725292,1.1202632775906616,1.132864588626926,2024-10-06 21:00:00,1.1021173896984404,NO,NO,NO,NO,NO,NO,TP2+Trail,+1.06R,$+2014.00,WIN,1260.1,0.0,NO,Entry price validated against OANDA candle; Exit price 1.1021173896984404 outside candle range [1.10236-1.10552],0.15
169,1,1,GBP_CAD,bullish,4/7,2024-10-02 21:00:00,1.78387392,1.7637736199018517,1.795934100058889,1.807994280117778,1.8240745201962967,1.8341246702453708,1.8542249703435192,2024-10-15 21:00:00,1.8051802381040374,NO,NO,NO,NO,NO,NO,TP2+Trail,+1.06R,$+2014.00,WIN,2010.0,0.0,NO,Entry price validated against OANDA candle; Exit price 1.8051802381040374 outside candle range [1.78471-1.80179],0.09
170,1,1,GBP_CAD,bullish,5/7,2024-10-02 21:00:00,1.78387392,1.7633355041945766,1.796196969483254,1.808520018966508,1.8249507516108467,1.8352199595135583,1.855758375318982,2024-10-15 21:00:00,1.8056446407537488,NO,NO,NO,NO,NO,NO,TP2+Trail,+1.06R,$+2014.00,WIN,2053.8,0.0,NO,Entry price validated against OANDA candle; Exit price 1.8056446407537488 outside candle range [1.78471-1.80179],0.09
171,1,1,GBP_CAD,bullish,5/7,2024-10-02 21:00:00,1.78387392,1.7634118967521069,1.796151133948736,1.8084283478974719,1.8247979664957863,1.8350289781197329,1.855491001367626,2024-10-15 21:00:00,1.8055636646427669,NO,NO,NO,NO,NO,NO,TP2+Trail,+1.06R,$+2014.00,WIN,2046.2,0.0,NO,Entry price validated against OANDA candle; Exit price 1.8055636646427669 outside candle range [1.78471-1.80179],0.09
172,1,1,GBP_CAD,bullish,4/7,2024-10-15 21:00:00,1.78666168,1.7642452182605832,1.80011155704365,1.8135614340872999,1.8314946034788333,1.8427028343485417,1.8651192960879583,2024-10-23 21:00:00,1.788006667704365,NO,NO,NO,NO,NO,NO,TP1+Trail,+0.06R,$+114.00,WIN,2241.6,0.0,YES,Entry price validated against OANDA candle; Exit price validated against OANDA candle,0.08
173,1,1,GBP_CAD,bullish,5/7,2024-10-15 21:00:00,1.78666168,1.76430913124197,1.8000732092548177,1.8134847385096358,1.8313667775160596,1.8425430518950745,1.8648956006531043,2024-10-23 21:00:00,1.7880028329254818,NO,NO,NO,NO,NO,NO,TP1+Trail,+0.06R,$+114.00,WIN,2235.3,0.0,YES,Entry price validated against OANDA candle; Exit price validated against OANDA candle,0.09
174,1,1,GBP_CAD,bullish,4/7,2024-10-15 21:00:00,1.78666168,1.7643941932961151,1.8000221720223308,1.8133826640446618,1.8311966534077695,1.8423303967597118,1.8645978834635968,2024-10-23 21:00:00,1.787997729202233,NO,NO,NO,NO,NO,NO,TP1+Trail,+0.06R,$+114.00,WIN,2226.7,0.0,YES,Entry price validated against OANDA candle; Exit price validated against OANDA candle,0.09
175,1,1,AUD_CAD,bullish,4/7,2024-10-15 21:00:00,0.91672,0.891430990360772,0.9318934057835367,0.9470668115670735,0.9672980192784559,0.9799425240980699,1.005231533737298,2024-12-30 22:00:00,0.891430990360772,NO,NO,NO,NO,NO,NO,SL,-1.00R,$-1900.00,LOSS,2528.9,0.0,YES,Entry price validated against OANDA candle; Exit price validated against OANDA candle,0.08
176,1,1,AUD_CAD,bullish,5/7,2024-10-21 21:00:00,0.92325,0.8914404410582573,0.9423357353650457,0.9614214707300913,0.9868691178834855,1.002773897354357,1.0345834562960996,2024-12-30 22:00:00,0.8914404410582573,NO,NO,NO,NO,NO,NO,SL,-1.00R,$-1900.00,LOSS,3181.0,0.0,YES,Entry price validated against OANDA candle; Exit price validated against OANDA candle,0.06
177,1,1,AUD_CAD,bullish,4/7,2024-10-22 21:00:00,0.92399422,0.8913695524112388,0.9435690205532566,0.9631438211065133,0.9892435551775223,1.005555888971903,1.0381805565606639,2024-12-30 22:00:00,0.8913695524112388,NO,NO,NO,NO,NO,NO,SL,-1.00R,$-1900.00,LOSS,3262.5,0.0,YES,Entry price validated against OANDA candle; Exit price validated against OANDA candle,0.06
178,1,1,GBP_CAD,bullish,5/7,2024-10-23 21:00:00,1.78666168,1.7642930804802777,1.8000828397118334,1.8135039994236666,1.8313988790394444,1.8425831787993054,1.864951778319028,2024-10-30 21:00:00,1.8103723954909057,NO,NO,NO,NO,NO,NO,TP2+Trail,+1.06R,$+2014.00,WIN,2236.9,0.0,NO,Entry price validated against OANDA candle; Exit price 1.8103723954909057 outside candle range [1.78802-1.8091],0.08
179,1,1,GBP_CAD,bullish,3/7,2024-10-23 21:00:00,1.78666168,1.7643417890174007,1.8000536145895594,1.813445549179119,1.8313014619651984,1.842461407456498,1.8647812984390972,2024-10-30 21:00:00,1.810320764441555,NO,NO,NO,NO,NO,NO,TP2+Trail,+1.06R,$+2014.00,WIN,2232.0,0.0,NO,Entry price validated against OANDA candle; Exit price 1.810320764441555 outside candle range [1.78802-1.8091],0.09
180,1,1,GBP_CAD,bullish,6/7,2024-10-23 21:00:00,1.78824376,1.7670195183733006,1.8009783049760197,1.8137128499520394,1.830692243253399,1.8413043640667488,1.862528605693448,2024-10-30 21:00:00,1.8107414561243014,NO,NO,NO,NO,NO,NO,TP2+Trail,+1.06R,$+2014.00,WIN,2122.4,0.0,NO,Entry price validated against OANDA candle; Exit price 1.8107414561243014 outside candle range [1.78802-1.8091],0.09
181,1,1,AUD_USD,bullish,5/7,2024-10-28 21:00:00,0.65753844,0.6179395782752335,0.6812977570348598,0.7050570740697197,0.7367361634495329,0.7565355943119161,0.7961344560366825,2024-12-30 22:00:00,0.6179395782752335,NO,NO,NO,NO,NO,NO,SL,-1.00R,$-1900.00,LOSS,3959.9,0.0,YES,Entry price validated against OANDA candle; Exit price validated against OANDA candle,0.05
182,1,1,GBP_CAD,bullish,6/7,2024-10-30 21:00:00,1.78824376,1.7669721544701682,1.8010067233178992,1.8137696866357984,1.8307869710596638,1.8414227738245796,1.8626943793544117,2024-11-05 22:00:00,1.78952005633179,NO,NO,NO,NO,NO,NO,TP1+Trail,+0.06R,$+114.00,WIN,2127.2,0.0,YES,Entry price validated against OANDA candle; Exit price validated against OANDA candle,0.09
183,1,1,GBP_CAD,bullish,4/7,2024-10-30 21:00:00,1.78824376,1.767067000579442,1.800949815652335,1.8136558713046698,1.8305972788411162,1.8411856585513953,1.8623624179719533,2024-11-05 22:00:00,1.7895143655652335,NO,NO,NO,NO,NO,NO,TP1+Trail,+0.06R,$+114.00,WIN,2117.7,0.0,YES,Entry price validated against OANDA candle; Exit price validated against OANDA candle,0.09
184,1,1,GBP_CAD,bullish,4/7,2024-10-30 21:00:00,1.78824376,1.7671275719666246,1.8009134728200253,1.8135831856400506,1.830476136066751,1.8410342300834386,1.8621504181168143,2024-11-05 22:00:00,1.7895107312820027,NO,NO,NO,NO,NO,NO,TP1+Trail,+0.06R,$+114.00,WIN,2111.6,0.0,YES,Entry price validated against OANDA candle; Exit price validated against OANDA candle,0.09
185,1,1,GBP_CAD,bullish,4/7,2024-11-05 22:00:00,1.78824376,1.7669398707263244,1.8010260935642055,1.813808427128411,1.8308515385473514,1.8415034831841892,1.8628073724578649,2024-11-11 22:00:00,1.7895219933564206,NO,NO,NO,NO,NO,NO,TP1+Trail,+0.06R,$+114.00,WIN,2130.4,0.0,YES,Entry price validated against OANDA candle; Exit price validated against OANDA candle,0.09
186,1,1,GBP_CAD,bullish,6/7,2024-11-05 22:00:00,1.78824376,1.766544165674444,1.8012635165953337,1.8142832731906673,1.831642948651112,1.8424927458138902,1.864192340139446,2024-11-11 22:00:00,1.7895457356595335,NO,NO,NO,NO,NO,NO,TP1+Trail,+0.06R,$+114.00,WIN,2170.0,0.0,YES,Entry price validated against OANDA candle; Exit price validated against OANDA candle,0.09
187,1,1,GBP_CAD,bullish,4/7,2024-11-05 22:00:00,1.78824376,1.7665170824119838,1.8012797665528097,1.8143157731056196,1.8316971151760326,1.8425604539700409,1.864287131558057,2024-11-11 22:00:00,1.789547360655281,NO,NO,NO,NO,NO,NO,TP1+Trail,+0.06R,$+114.00,WIN,2172.7,0.0,YES,Entry price validated against OANDA candle; Exit price validated against OANDA candle,0.09
188,1,1,AUD_NZD,bullish,4/7,2024-11-05 22:00:00,1.1012823,1.0943187752135228,1.1054604148718863,1.1096385297437728,1.1152093495729545,1.118691111966193,1.1256546367526703,2024-11-11 22:00:00,1.1017001114871887,NO,NO,NO,NO,NO,NO,TP1+Trail,+0.06R,$+114.00,WIN,696.4,0.0,YES,Entry price validated against OANDA candle; Exit price validated against OANDA candle,0.27
189,1,1,AUD_NZD,bullish,4/7,2024-11-05 22:00:00,1.1012823,1.0942292198411285,1.105514148095323,1.109745996190646,1.115388460317743,1.1189150003971788,1.1259680805560504,2024-11-11 22:00:00,1.1017054848095325,NO,NO,NO,NO,NO,NO,TP1+Trail,+0.06R,$+114.00,WIN,705.3,0.0,YES,Entry price validated against OANDA candle; Exit price validated against OANDA candle,0.27
190,1,1,AUD_NZD,bullish,4/7,2024-11-11 22:00:00,1.1012823,1.0942471327096193,1.1055034003742286,1.109724500748457,1.1153526345807616,1.118870218225952,1.1259053855163328,2024-11-24 22:00:00,1.1124330401552536,NO,NO,NO,NO,NO,NO,TP3+Trail,+1.59R,$+3011.50,WIN,703.5,0.0,YES,Entry price validated against OANDA candle; Exit price validated against OANDA candle,0.27
191,1,1,AUD_NZD,bullish,5/7,2024-11-11 22:00:00,1.1012823,1.0941609089446465,1.1055551346332122,1.1098279692664244,1.1155250821107072,1.119085777638384,1.1262071686937376,2024-11-24 22:00:00,1.1125697048227354,NO,NO,NO,NO,NO,NO,TP3+Trail,+1.58R,$+3011.50,WIN,712.1,0.0,YES,Entry price validated against OANDA candle; Exit price validated against OANDA candle,0.27
192,1,1,EUR_GBP,bullish,5/7,2024-11-14 22:00:00,0.8353446,0.8255419036479995,0.8412262178112003,0.8471078356224006,0.854949992704001,0.8598513408800013,0.8696540372320016,2024-12-09 22:00:00,0.8255419036479995,NO,NO,NO,NO,NO,NO,SL,-1.00R,$-1900.00,LOSS,980.3,0.0,YES,Entry price validated against OANDA candle; Exit price validated against OANDA candle,0.19
193,1,1,EUR_GBP,bullish,5/7,2024-11-14 22:00:00,0.8353446,0.8255424819588566,0.841225870824686,0.8471071416493721,0.8549488360822868,0.8598498951028585,0.8696520131440019,2024-12-09 22:00:00,0.8255424819588566,NO,NO,NO,NO,NO,NO,SL,-1.00R,$-1900.00,LOSS,980.2,0.0,YES,Entry price validated against OANDA candle; Exit price validated against OANDA candle,0.19
194,1,1,EUR_GBP,bullish,6/7,2024-11-14 22:00:00,0.8353446,0.8254881618189384,0.8412584629086369,0.847172325817274,0.8550574763621233,0.8599856954526541,0.8698421336337157,2024-12-09 22:00:00,0.8254881618189384,NO,NO,NO,NO,NO,NO,SL,-1.00R,$-1900.00,LOSS,985.6,0.0,YES,Entry price validated against OANDA candle; Exit price validated against OANDA candle,0.19
195,1,1,GBP_NZD,bullish,3/7,2024-11-19 22:00:00,2.15570188,2.131157134527827,2.170428727283304,2.1851555745666076,2.204791370944346,2.2170637436804324,2.241608489152606,2024-12-08 22:00:00,2.1817193102005037,NO,NO,NO,NO,NO,NO,TP2+Trail,+1.06R,$+2014.00,WIN,2454.5,0.0,YES,Entry price validated against OANDA candle; Exit price validated against OANDA candle,0.08
196,1,1,GBP_NZD,bullish,4/7,2024-11-19 22:00:00,2.15295,2.131143410632982,2.166033953620211,2.1791179072404216,2.1965631787340363,2.2074664734175453,2.2292730627845634,2024-12-08 22:00:00,2.1760649847290394,NO,NO,NO,NO,NO,NO,TP2+Trail,+1.06R,$+2014.00,WIN,2180.7,0.0,YES,Entry price validated against OANDA candle; Exit price validated against OANDA candle,0.09
197,1,1,GBP_CAD,bullish,3/7,2024-11-26 22:00:00,1.77363984,1.742476163777037,1.7923380457337779,1.8110362514675555,1.835967192445926,1.8515490305574076,1.8827127067803704,2024-12-10 22:00:00,1.8066733367963408,NO,NO,NO,NO,NO,NO,TP2+Trail,+1.06R,$+2014.00,WIN,3116.4,0.0,YES,Entry price validated against OANDA candle; Exit price validated against OANDA candle,0.06
198,1,1,AUD_NZD,bullish,5/7,2024-11-26 22:00:00,1.10131286,1.0944511059993094,1.1054299124004143,1.1095469648008287,1.115036368001381,1.1184672450017263,1.125328999002417,2024-12-05 22:00:00,1.0944511059993094,NO,NO,NO,NO,NO,NO,SL,-1.00R,$-1900.00,LOSS,686.2,0.0,YES,Entry price validated against OANDA candle; Exit price validated against OANDA candle,0.28
199,1,1,AUD_NZD,bullish,4/7,2024-11-26 22:00:00,1.10131286,1.0944195984279301,1.105448816943242,1.1095847738864837,1.1150993831441396,1.1185460139301746,1.1254392755022442,2024-12-05 22:00:00,1.0944195984279301,NO,NO,NO,NO,NO,NO,SL,-1.00R,$-1900.00,LOSS,689.3,0.0,YES,Entry price validated against OANDA candle; Exit price validated against OANDA candle,0.28
200,1,1,AUD_NZD,bullish,4/7,2024-11-26 22:00:00,1.10131286,1.0943096271116495,1.1055147997330101,1.1097167394660206,1.115319325776701,1.1188209422208761,1.1258241751092266,2024-12-05 22:00:00,1.0943096271116495,NO,NO,NO,NO,NO,NO,SL,-1.00R,$-1900.00,LOSS,700.3,0.0,YES,Entry price validated against OANDA candle; Exit price validated against OANDA candle,0.27
201,1,1,GBP_CAD,bullish,3/7,2024-11-27 22:00:00,1.77363984,1.74260429493582,1.792261167038508,1.8108824940770158,1.8357109301283598,1.8512287026604497,1.8822642477246299,2024-12-10 22:00:00,1.806537517768031,NO,NO,NO,NO,NO,NO,TP2+Trail,+1.06R,$+2014.00,WIN,3103.6,0.0,YES,Entry price validated against OANDA candle; Exit price validated against OANDA candle,0.06
202,1,1,EUR_GBP,bullish,4/7,2024-12-12 22:00:00,0.83211,0.8240967318111554,0.8369179609133068,0.8417259218266135,0.8481365363776893,0.8521431704721116,0.8601564386609561,2024-12-17 22:00:00,0.8240967318111554,NO,NO,NO,NO,NO,NO,SL,-1.00R,$-1900.00,LOSS,801.3,0.0,YES,Entry price validated against OANDA candle; Exit price validated against OANDA candle,0.24
