Trade#,Symbol,Direction,Entry Date,Entry Price,Stop Loss Price,TP1 Price,TP2 Price,TP3 Price,TP4 Price,TP5 Price,Exit Date,Exit Price,TP1 Hit?,TP2 Hit?,TP3 Hit?,TP4 Hit?,TP5 Hit?,SL Hit?,Final Exit Reason,R Multiple,Profit/Loss USD,Confluence Score,Holding Time (hours),Lot Size,Risk Pips,ADX Value,Validation Notes
1,BTC_USD,BEARISH,2023-03-02 22:00:00+00:00,23447.1894,24678.1200781168,22708.63099312992,21970.072586259837,20985.328043766396,20369.862704707994,19138.932026591196,2023-03-09 22:00:00+00:00,20863.580322564132,Yes,Yes,Yes,Yes,No,No,TP4+Trail,2.1,-90493.76,11,168.0,0.97,1230.9,0.0,Regime-Adaptive V2: Trend (ADX >= threshold) + Conservative Range (ADX < threshold)
2,EUR_JPY,BULLISH,2023-03-21 21:00:00+00:00,143.533402,138.0793056276947,146.80585982338317,150.07831764676635,154.44159474461057,157.1686429307632,162.6227393030685,2023-06-29 21:00:00+00:00,154.93927486370262,Yes,Yes,Yes,Yes,No,No,TP4+Trail,2.09,-38554.15,8,2400.0,0.01,545.4,0.0,Regime-Adaptive V2: Trend (ADX >= threshold) + Conservative Range (ADX < threshold)
3,EUR_JPY,BEARISH,2023-03-28 21:00:00+00:00,143.645328,146.15427025356868,142.1399626478588,140.63459729571758,138.62744349286265,137.37297236607833,134.86403011250962,2023-04-11 21:00:00+00:00,146.22927025356867,No,No,No,No,No,Yes,SL,-1.03,8067.56,7,336.0,0.01,250.9,0.0,Regime-Adaptive V2: Trend (ADX >= threshold) + Conservative Range (ADX < threshold)
4,BTC_USD,BULLISH,2023-04-19 21:00:00+00:00,28763.4534,27438.202939303916,29558.60367641765,30353.753952835297,31413.954321392164,32076.579551740208,33401.83001243629,2023-04-20 21:00:00+00:00,27430.702939303916,No,No,No,No,No,Yes,SL,-1.01,46773.43,8,24.0,0.91,1325.3,0.0,Regime-Adaptive V2: Trend (ADX >= threshold) + Conservative Range (ADX < threshold)
5,BTC_USD,BEARISH,2023-04-25 21:00:00+00:00,29259.908,30971.98678507814,28232.660728953113,27205.41345790623,25835.750429843716,24979.711037304645,23267.632252226504,2023-05-14 21:00:00+00:00,26553.763125651145,Yes,Yes,Yes,No,No,No,TP3+Trail,1.58,-95526.37,8,456.0,0.7,1712.1,0.0,Regime-Adaptive V2: Trend (ADX >= threshold) + Conservative Range (ADX < threshold)
6,BTC_USD,BULLISH,2023-04-26 21:00:00+00:00,28763.4534,26479.447278864463,30133.85707268132,31504.26074536264,33331.46564227107,34473.468702838836,36757.47482397437,2023-05-11 21:00:00+00:00,26471.947278864463,No,No,No,No,No,Yes,SL,-1.0,81291.48,9,360.0,0.53,2284.0,0.0,Regime-Adaptive V2: Trend (ADX >= threshold) + Conservative Range (ADX < threshold)
7,BTC_USD,BULLISH,2023-04-30 21:00:00+00:00,28763.4534,26769.299616088432,29959.945670346937,31156.43794069388,32751.76096782313,33748.83785977891,35742.99164369048,2023-05-10 21:00:00+00:00,26761.799616088432,No,No,No,No,No,Yes,SL,-1.0,70856.23,8,240.0,0.6,1994.2,0.0,Regime-Adaptive V2: Trend (ADX >= threshold) + Conservative Range (ADX < threshold)
8,ETH_USD,BEARISH,2023-05-04 21:00:00+00:00,1996.70542,2133.5968690305936,1914.5705505816438,1832.4356811632877,1722.922521938813,1654.476797423516,1517.5853483929227,2023-06-12 21:00:00+00:00,1779.807473286509,Yes,Yes,Yes,No,No,No,TP3+Trail,1.58,-778933.17,6,936.0,8.77,13689.1,0.0,Regime-Adaptive V2: Trend (ADX >= threshold) + Conservative Range (ADX < threshold)
9,BTC_USD,BULLISH,2023-05-28 21:00:00+00:00,27813.387600000002,25289.605125558985,29327.657084664614,30841.926569329222,32860.952548882036,34122.843786102545,36646.62626054356,2023-06-13 21:00:00+00:00,25282.105125558985,No,No,No,No,No,Yes,SL,-1.0,89923.81,11,384.0,0.48,2523.8,0.0,Regime-Adaptive V2: Trend (ADX >= threshold) + Conservative Range (ADX < threshold)
10,BTC_USD,BEARISH,2023-05-28 21:00:00+00:00,28365.842,30069.03294170571,27343.927434976573,26322.01286995315,24959.46011658858,24107.864645735724,22404.673704030014,2023-06-14 21:00:00+00:00,25673.78435739645,Yes,Yes,Yes,No,No,No,TP3+Trail,1.58,-95019.26,12,408.0,0.7,1703.2,0.0,Regime-Adaptive V2: Trend (ADX >= threshold) + Conservative Range (ADX < threshold)
11,NZD_USD,BULLISH,2023-07-20 21:00:00+00:00,0.6186988,0.6023785727151256,0.6284909363709246,0.6382830727418493,0.6513392545697487,0.6594993682121859,0.6758195954970603,2023-08-09 21:00:00+00:00,0.6016285727151256,No,No,No,No,No,Yes,SL,-1.05,4891.39,7,480.0,0.74,163.2,0.0,Regime-Adaptive V2: Trend (ADX >= threshold) + Conservative Range (ADX < threshold)
12,NZD_USD,BEARISH,2023-07-20 21:00:00+00:00,0.6181270200000001,0.6440133459830496,0.6025952244101703,0.5870634288203407,0.566354368033901,0.5534112050423763,0.5275248790593268,2025-02-03 22:00:00+00:00,0.5643863038056809,Yes,Yes,Yes,Yes,No,No,TP4+Trail,2.08,-16857.92,7,13537.0,0.46,258.9,0.0,Regime-Adaptive V2: Trend (ADX >= threshold) + Conservative Range (ADX < threshold)
13,GBP_USD,BULLISH,2023-07-26 21:00:00+00:00,1.2859554,1.2636101535287576,1.2993625478827453,1.3127696957654909,1.3306458929424847,1.341818516178106,1.3641637626493481,2023-08-02 21:00:00+00:00,1.2628601535287576,No,No,No,No,No,Yes,SL,-1.03,7075.25,7,168.0,0.54,223.5,0.0,Regime-Adaptive V2: Trend (ADX >= threshold) + Conservative Range (ADX < threshold)
14,EUR_JPY,BULLISH,2023-07-27 21:00:00+00:00,155.477,153.28778996910478,156.79052601853715,158.10405203707427,159.85542006179045,160.95002507723808,163.13923510813328,2023-10-24 21:00:00+00:00,158.8718978989689,Yes,Yes,Yes,No,No,No,TP3+Trail,1.55,-10362.6,8,2136.0,0.01,218.9,0.0,Regime-Adaptive V2: Trend (ADX >= threshold) + Conservative Range (ADX < threshold)
15,GBP_USD,BULLISH,2023-07-27 21:00:00+00:00,1.28488,1.2635390711338463,1.2976845573196922,1.3104891146393844,1.3275618577323074,1.3382323221653842,1.359573251031538,2023-08-02 21:00:00+00:00,1.2627890711338463,No,No,No,No,No,Yes,SL,-1.04,6711.8,6,144.0,0.56,213.4,0.0,Regime-Adaptive V2: Trend (ADX >= threshold) + Conservative Range (ADX < threshold)
16,AUD_USD,BEARISH,2023-07-31 21:00:00+00:00,0.67168532,0.681959688467853,0.6655206989192882,0.6593560778385764,0.651136583064294,0.6459993988303675,0.6357250303625145,2023-08-08 21:00:00+00:00,0.656150445978453,Yes,Yes,Yes,No,No,No,TP3+Trail,1.51,-3779.97,9,192.0,1.17,102.7,0.0,Regime-Adaptive V2: Trend (ADX >= threshold) + Conservative Range (ADX < threshold)
17,XAG_USD,BEARISH,2023-10-12 21:00:00+00:00,22.604922000000002,23.87447355744524,21.84319106553286,21.081460131065718,20.06581888510953,19.43104310638691,18.161491548941676,2023-11-15 22:00:00+00:00,23.88197355744524,No,No,No,No,No,Yes,SL,-1.01,44767.97,9,817.0,0.19,1269.6,0.0,Regime-Adaptive V2: Trend (ADX >= threshold) + Conservative Range (ADX < threshold)
18,XAG_USD,BULLISH,2023-10-12 21:00:00+00:00,22.340105,20.38939598237228,23.51053041057663,24.680955821153265,26.24152303525544,27.2168775440693,29.16758656169702,2024-04-04 21:00:00+00:00,26.43884748210635,Yes,Yes,Yes,Yes,No,No,TP4+Trail,2.1,-145035.86,8,4200.0,0.12,1950.7,0.0,Regime-Adaptive V2: Trend (ADX >= threshold) + Conservative Range (ADX < threshold)
19,USD_CAD,BULLISH,2023-10-17 21:00:00+00:00,1.36335914,1.3543114979203146,1.3687877252478113,1.3742163104956227,1.381454424159371,1.3859782451992135,1.3950258872788992,2023-10-29 21:00:00+00:00,1.3816544265777377,Yes,Yes,Yes,Yes,No,No,TP4+Trail,2.02,-4162.2,6,288.0,1.81,90.5,0.0,Regime-Adaptive V2: Trend (ADX >= threshold) + Conservative Range (ADX < threshold)
20,USD_CAD,BULLISH,2023-11-02 21:00:00+00:00,1.37084052,1.3567330604976695,1.3793049957013983,1.3877694714027966,1.399055439004661,1.4061091687558263,1.4202166282581568,2023-11-27 22:00:00+00:00,1.3582402540180425,Yes,No,No,No,No,No,TP1+Trail,-0.89,3465.37,8,601.0,1.17,141.1,0.0,Regime-Adaptive V2: Trend (ADX >= threshold) + Conservative Range (ADX < threshold)
21,ETH_USD,BULLISH,2023-11-08 22:00:00+00:00,1887.5727,1744.0479831095404,1973.6875301342757,2059.8023602685516,2174.6221337809193,2246.3844922261487,2389.9092091166085,2023-12-04 22:00:00+00:00,2189.6172290544173,Yes,Yes,Yes,Yes,No,No,TP4+Trail,2.1,-1084837.46,11,624.0,8.36,14352.5,0.0,Regime-Adaptive V2: Trend (ADX >= threshold) + Conservative Range (ADX < threshold)
22,ETH_USD,BULLISH,2023-11-13 22:00:00+00:00,1959.40376,1821.7407874528014,2042.001543528319,2124.5993270566382,2234.729705094397,2303.561191367996,2441.2241639151944,2023-12-04 22:00:00+00:00,2177.5245714873095,Yes,Yes,Yes,No,No,No,TP3+Trail,1.58,-783335.48,9,504.0,8.72,13766.3,0.0,Regime-Adaptive V2: Trend (ADX >= threshold) + Conservative Range (ADX < threshold)
23,BTC_USD,BULLISH,2023-11-13 22:00:00+00:00,35244.3396,33807.866822312506,36106.2232666125,36968.10693322499,38117.285155374986,38835.52154421873,40271.994321906226,2023-11-26 22:00:00+00:00,37513.64895263468,Yes,Yes,Yes,No,No,No,TP3+Trail,1.58,-79801.3,11,312.0,0.84,1436.5,0.0,Regime-Adaptive V2: Trend (ADX >= threshold) + Conservative Range (ADX < threshold)
24,BTC_USD,BULLISH,2023-11-30 22:00:00+00:00,37869.823599999996,36587.42237287999,38639.264336272,39408.705072544,40434.626054240005,41075.82666780001,42358.22789492001,2023-12-04 22:00:00+00:00,41138.85873529161,Yes,Yes,Yes,Yes,Yes,No,TP5,2.55,-114629.34,9,96.0,0.94,1282.4,0.0,Regime-Adaptive V2: Trend (ADX >= threshold) + Conservative Range (ADX < threshold)
25,XAG_USD,BULLISH,2023-12-04 22:00:00+00:00,24.054622,23.175601866316466,24.582034080210118,25.109446160420237,25.812662267367063,26.25217233420883,27.13119246789236,2023-12-07 22:00:00+00:00,23.168101866316466,No,No,No,No,No,Yes,SL,-1.01,30705.7,8,72.0,0.27,879.0,0.0,Regime-Adaptive V2: Trend (ADX >= threshold) + Conservative Range (ADX < threshold)
26,ETH_USD,BULLISH,2023-12-10 22:00:00+00:00,2132.40908,1983.8268865307948,2221.558396081523,2310.707712163046,2429.57346693841,2503.8645636730125,2652.446757142218,2023-12-28 22:00:00+00:00,2367.8368566486897,Yes,Yes,Yes,No,No,No,TP3+Trail,1.58,-845640.5,8,432.0,8.08,14858.2,0.0,Regime-Adaptive V2: Trend (ADX >= threshold) + Conservative Range (ADX < threshold)
27,XAG_USD,BULLISH,2023-12-13 22:00:00+00:00,24.213679,23.14031764431633,24.8576958134102,25.501712626820403,26.360401711367338,26.897082389209174,27.97044374489284,2024-01-02 22:00:00+00:00,23.13281764431633,No,No,No,No,No,Yes,SL,-1.01,37703.83,8,480.0,0.22,1073.4,0.0,Regime-Adaptive V2: Trend (ADX >= threshold) + Conservative Range (ADX < threshold)
28,EUR_JPY,BULLISH,2023-12-18 22:00:00+00:00,156.482834,153.72058731049887,158.14018201370067,159.79753002740134,162.00732737900225,163.3884507237528,166.15069741325394,2024-02-22 22:00:00+00:00,162.22236328139988,Yes,Yes,Yes,Yes,No,No,TP4+Trail,2.08,-18171.38,6,1584.0,0.01,276.2,0.0,Regime-Adaptive V2: Trend (ADX >= threshold) + Conservative Range (ADX < threshold)
29,EUR_JPY,BULLISH,2023-12-20 22:00:00+00:00,156.472,154.73498191568527,157.51421085058885,158.5564217011777,159.9460361686295,160.81454521078686,162.5515632951016,2024-01-10 22:00:00+00:00,159.15017366363887,Yes,Yes,Yes,No,No,No,TP3+Trail,1.54,-7793.09,8,504.0,0.01,173.7,0.0,Regime-Adaptive V2: Trend (ADX >= threshold) + Conservative Range (ADX < threshold)
30,EUR_JPY,BULLISH,2023-12-20 22:00:00+00:00,156.482834,153.7310882168918,158.13388146986492,159.78492893972984,161.98632556621638,163.3621984577705,166.11394424087865,2024-02-22 22:00:00+00:00,162.20025887344275,Yes,Yes,Yes,Yes,No,No,TP4+Trail,2.08,-18091.93,7,1536.0,0.01,275.2,0.0,Regime-Adaptive V2: Trend (ADX >= threshold) + Conservative Range (ADX < threshold)
31,BTC_USD,BULLISH,2024-01-01 22:00:00+00:00,43396.5476,40963.54803642381,44856.34733814571,46316.147076291425,48262.546727152374,49479.04650894047,51912.046072516656,2024-01-02 22:00:00+00:00,40956.04803642381,No,No,No,No,No,Yes,SL,-1.0,86655.49,12,24.0,0.49,2433.0,0.0,Regime-Adaptive V2: Trend (ADX >= threshold) + Conservative Range (ADX < threshold)
32,GBP_USD,BULLISH,2024-01-01 22:00:00+00:00,1.26894342,1.2574515084923645,1.2758385669045813,1.2827337138091626,1.291927243015271,1.2976731987690888,1.3091651102767243,2024-02-04 22:00:00+00:00,1.2585402143335862,Yes,No,No,No,No,No,TP1+Trail,-0.91,2659.92,8,816.0,1.04,114.9,0.0,Regime-Adaptive V2: Trend (ADX >= threshold) + Conservative Range (ADX < threshold)
33,ETH_USD,BULLISH,2024-01-02 22:00:00+00:00,2247.7659000000003,2123.6477281125353,2322.2368031324795,2396.7077062649582,2496.0022437749303,2558.061329718663,2682.179501606128,2024-01-10 22:00:00+00:00,2564.8128291724734,Yes,Yes,Yes,Yes,Yes,No,TP5,2.55,-1138306.74,6,192.0,9.67,12411.8,0.0,Regime-Adaptive V2: Trend (ADX >= threshold) + Conservative Range (ADX < threshold)
34,BTC_USD,BULLISH,2024-01-02 22:00:00+00:00,42928.3,40876.80889096497,44159.194665421026,45390.08933084205,47031.282218070075,48057.02777258759,50108.51888162263,2024-01-08 22:00:00+00:00,46172.41340782054,Yes,Yes,Yes,No,No,No,TP3+Trail,1.58,-114892.37,9,144.0,0.58,2051.5,0.0,Regime-Adaptive V2: Trend (ADX >= threshold) + Conservative Range (ADX < threshold)
35,BTC_USD,BULLISH,2024-01-03 22:00:00+00:00,43396.5476,39945.65397018175,45467.08377789095,47537.61995578189,50298.33485963649,52023.78167454561,55474.67530436386,2024-01-21 22:00:00+00:00,41249.493549512685,Yes,Yes,No,No,No,No,TP2+Trail,-0.62,76548.08,11,432.0,0.35,3450.9,0.0,Regime-Adaptive V2: Trend (ADX >= threshold) + Conservative Range (ADX < threshold)
36,BTC_USD,BULLISH,2024-01-04 22:00:00+00:00,43860.4,39933.20297231163,46216.71821661302,48573.03643322605,51714.79405537675,53678.39256922093,57605.58959690931,2024-01-21 22:00:00+00:00,41418.03784283321,Yes,Yes,No,No,No,No,TP2+Trail,-0.62,87179.49,11,408.0,0.31,3927.2,0.0,Regime-Adaptive V2: Trend (ADX >= threshold) + Conservative Range (ADX < threshold)
37,BTC_USD,BULLISH,2024-01-09 22:00:00+00:00,44525.6316,39872.147045717946,47317.72233256923,50109.81306513846,53832.60070856411,56159.34298570514,60812.82753998719,2024-01-21 22:00:00+00:00,40609.20457440308,Yes,No,No,No,No,No,TP1+Trail,-0.84,139982.45,8,288.0,0.26,4653.5,0.0,Regime-Adaptive V2: Trend (ADX >= threshold) + Conservative Range (ADX < threshold)
38,ETH_USD,BULLISH,2024-01-21 22:00:00+00:00,2369.36224,2157.4956177947065,2496.482213323176,2623.602186646352,2793.095484410587,2899.0287955132335,3110.895417718527,2024-02-19 22:00:00+00:00,2815.2664797421426,Yes,Yes,Yes,Yes,No,No,TP4+Trail,2.1,-1602732.21,7,696.0,5.66,21186.7,0.0,Regime-Adaptive V2: Trend (ADX >= threshold) + Conservative Range (ADX < threshold)
39,BTC_USD,BULLISH,2024-03-14 21:00:00+00:00,67845.2,61343.79821969682,71746.0410681819,75646.88213636381,80848.00356060635,84098.70445075794,90600.1062310611,2024-03-19 21:00:00+00:00,61336.29821969682,No,No,No,No,No,Yes,SL,-1.0,233120.28,8,120.0,0.18,6501.4,0.0,Regime-Adaptive V2: Trend (ADX >= threshold) + Conservative Range (ADX < threshold)
40,ETH_USD,BULLISH,2024-03-17 21:00:00+00:00,3497.54756,3060.9404540741093,3759.511823555534,4021.476087111069,4370.761771851781,4589.065324814726,5025.6724307406175,2024-03-19 21:00:00+00:00,3060.8654540741095,No,No,No,No,No,Yes,SL,-1.0,1570856.58,6,48.0,2.75,43660.7,0.0,Regime-Adaptive V2: Trend (ADX >= threshold) + Conservative Range (ADX < threshold)
41,ETH_USD,BULLISH,2024-03-19 21:00:00+00:00,3463.63,3041.8497136304945,3716.6981718217035,3969.766343643407,4307.190572739011,4518.080715923764,4939.86100229327,2024-04-14 21:00:00+00:00,3109.259559449615,Yes,No,No,No,No,No,TP1+Trail,-0.84,1274726.38,6,624.0,2.85,42178.0,0.0,Regime-Adaptive V2: Trend (ADX >= threshold) + Conservative Range (ADX < threshold)
42,BTC_USD,BULLISH,2024-03-19 21:00:00+00:00,67070.9,61216.036785231016,70583.81792886138,74096.73585772277,78780.62642953795,81708.05803692245,87562.92125169141,2024-04-16 21:00:00+00:00,62145.31489959405,Yes,No,No,No,No,No,TP1+Trail,-0.84,176312.54,11,672.0,0.2,5854.9,0.0,Regime-Adaptive V2: Trend (ADX >= threshold) + Conservative Range (ADX < threshold)
43,ETH_USD,BULLISH,2024-03-20 21:00:00+00:00,3506.54,3053.175230009331,3778.5588619944015,4050.577723988803,4413.269539981338,4639.951924976673,5093.316694967342,2024-04-14 21:00:00+00:00,3053.100230009331,No,No,No,No,No,Yes,SL,-1.0,1631184.17,6,600.0,2.65,45336.5,0.0,Regime-Adaptive V2: Trend (ADX >= threshold) + Conservative Range (ADX < threshold)
44,XAG_USD,BULLISH,2024-03-20 21:00:00+00:00,24.6907451,23.859547456784995,25.189463685929006,25.688182271858008,26.353140386430013,26.768739208037516,27.599936851252522,2024-04-03 21:00:00+00:00,26.432916138967588,Yes,Yes,Yes,Yes,No,No,TP4+Trail,2.1,-60205.5,6,336.0,0.29,831.2,0.0,Regime-Adaptive V2: Trend (ADX >= threshold) + Conservative Range (ADX < threshold)
45,BTC_USD,BULLISH,2024-03-20 21:00:00+00:00,67078.0316,59099.5416118859,71865.12559286847,76652.21958573692,83035.01157622821,87024.25657028526,95002.74655839936,2024-04-29 21:00:00+00:00,60368.600009984155,Yes,No,No,No,No,No,TP1+Trail,-0.84,240531.42,9,960.0,0.15,7978.5,0.0,Regime-Adaptive V2: Trend (ADX >= threshold) + Conservative Range (ADX < threshold)
46,BTC_USD,BULLISH,2024-03-24 21:00:00+00:00,66341.136,58998.72608371794,70746.58194976923,75152.02789953847,81025.95583256411,84697.16079070514,92039.5707069872,2024-04-30 21:00:00+00:00,60166.011670323074,Yes,No,No,No,No,No,TP1+Trail,-0.84,221296.26,9,888.0,0.16,7342.4,0.0,Regime-Adaptive V2: Trend (ADX >= threshold) + Conservative Range (ADX < threshold)
47,USD_CAD,BULLISH,2024-04-29 21:00:00+00:00,1.37054648,1.3603119263248014,1.3766872122051192,1.3828279444102385,1.3910155873503973,1.3961328641879966,1.4063674178631953,2024-05-14 21:00:00+00:00,1.3611994549128332,Yes,No,No,No,No,No,TP1+Trail,-0.91,2270.09,8,360.0,1.61,102.3,0.0,Regime-Adaptive V2: Trend (ADX >= threshold) + Conservative Range (ADX < threshold)
48,EUR_JPY,BULLISH,2024-04-30 21:00:00+00:00,164.107182,162.27962525549475,165.20371604670314,166.30025009340628,167.76229548901048,168.6760738612631,170.50363060576836,2024-05-14 21:00:00+00:00,167.87918894718354,Yes,Yes,Yes,Yes,No,No,TP4+Trail,2.06,-11104.95,9,336.0,0.01,182.8,0.0,Regime-Adaptive V2: Trend (ADX >= threshold) + Conservative Range (ADX < threshold)
49,EUR_JPY,BULLISH,2024-04-30 21:00:00+00:00,164.415074,162.27622345153083,165.6983843290815,166.981694658163,168.69277509693836,169.76220037117295,171.90105091964213,2024-05-15 21:00:00+00:00,167.73015211932363,Yes,Yes,Yes,No,No,No,TP3+Trail,1.55,-10076.22,8,360.0,0.01,213.9,0.0,Regime-Adaptive V2: Trend (ADX >= threshold) + Conservative Range (ADX < threshold)
50,EUR_JPY,BULLISH,2024-04-30 21:00:00+00:00,165.226346,162.1054217764215,167.0989005341471,168.9714550682942,171.468194447157,173.02865655894624,176.14958078252477,2024-07-10 21:00:00+00:00,171.72089149063274,Yes,Yes,Yes,Yes,No,No,TP4+Trail,2.08,-20885.7,6,1704.0,0.01,312.1,0.0,Regime-Adaptive V2: Trend (ADX >= threshold) + Conservative Range (ADX < threshold)
51,USD_CAD,BULLISH,2024-04-30 21:00:00+00:00,1.37054648,1.3602909315873155,1.3766998090476108,1.3828531380952214,1.391057576825369,1.3961853510317113,1.4064408994443958,2024-05-14 21:00:00+00:00,1.3595409315873155,No,No,No,No,No,Yes,SL,-1.07,2675.53,6,336.0,1.6,102.6,0.0,Regime-Adaptive V2: Trend (ADX >= threshold) + Conservative Range (ADX < threshold)
52,USD_CAD,BULLISH,2024-05-01 21:00:00+00:00,1.37054648,1.3624507241638484,1.375403933501691,1.380261387003382,1.3867379916723033,1.390785869590379,1.3988816254265308,2024-05-02 21:00:00+00:00,1.3617007241638484,No,No,No,No,No,Yes,SL,-1.09,1874.61,6,24.0,2.03,81.0,0.0,Regime-Adaptive V2: Trend (ADX >= threshold) + Conservative Range (ADX < threshold)
53,USD_CAD,BULLISH,2024-05-02 21:00:00+00:00,1.36854,1.3624185295807163,1.3722128822515705,1.3758857645031406,1.3807829408385677,1.3838436760482096,1.3899651464674934,2024-05-14 21:00:00+00:00,1.3639946883400442,Yes,Yes,No,No,No,No,TP2+Trail,-0.74,746.18,7,288.0,2.68,61.2,0.0,Regime-Adaptive V2: Trend (ADX >= threshold) + Conservative Range (ADX < threshold)
54,XAG_USD,BULLISH,2024-06-06 21:00:00+00:00,29.1795,26.769667137599924,30.625399717440047,32.07129943488009,33.99916572480015,35.20408215600019,37.61391501840027,2024-08-04 21:00:00+00:00,27.147740395583938,Yes,No,No,No,No,No,TP1+Trail,-0.84,72132.62,10,1416.0,0.1,2409.8,0.0,Regime-Adaptive V2: Trend (ADX >= threshold) + Conservative Range (ADX < threshold)
55,XAG_USD,BULLISH,2024-06-10 21:00:00+00:00,29.055714000000002,26.817003880552658,30.39894007166841,31.742166143336814,33.53313423889469,34.65248929861836,36.8911994180657,2024-08-04 21:00:00+00:00,27.660213725942647,Yes,Yes,No,No,No,No,TP2+Trail,-0.62,49490.74,8,1320.0,0.11,2238.7,0.0,Regime-Adaptive V2: Trend (ADX >= threshold) + Conservative Range (ADX < threshold)
56,EUR_JPY,BULLISH,2024-06-13 21:00:00+00:00,168.525,166.6737863367155,169.6357281979707,170.7464563959414,172.22742732656903,173.15303415821128,175.0042478214958,2024-07-01 21:00:00+00:00,172.3468047612139,Yes,Yes,Yes,Yes,No,No,TP4+Trail,2.06,-11283.59,9,432.0,0.01,185.1,0.0,Regime-Adaptive V2: Trend (ADX >= threshold) + Conservative Range (ADX < threshold)
57,EUR_JPY,BULLISH,2024-06-16 21:00:00+00:00,168.60053200000002,166.6714444555215,169.75798452668712,170.91543705337423,172.45870708895703,173.42325086119627,175.3523384056748,2024-07-01 21:00:00+00:00,172.58626128112726,Yes,Yes,Yes,Yes,No,No,TP4+Trail,2.07,-11871.76,8,360.0,0.01,192.9,0.0,Regime-Adaptive V2: Trend (ADX >= threshold) + Conservative Range (ADX < threshold)
58,EUR_JPY,BULLISH,2024-07-11 21:00:00+00:00,172.818208,170.7568058165661,174.05504931006033,175.29189062012068,176.9410123668678,177.97171345858476,180.03311564201863,2024-07-16 21:00:00+00:00,170.6818058165661,No,No,No,No,No,Yes,SL,-1.04,6448.63,7,120.0,0.01,206.1,0.0,Regime-Adaptive V2: Trend (ADX >= threshold) + Conservative Range (ADX < threshold)
59,EUR_JPY,BULLISH,2024-07-16 21:00:00+00:00,172.818208,170.75009689467774,174.05907466319334,175.29994132638672,176.95443021064452,177.98848576330565,180.0565968686279,2024-07-17 21:00:00+00:00,170.67509689467775,No,No,No,No,No,Yes,SL,-1.04,6472.93,7,24.0,0.01,206.8,0.0,Regime-Adaptive V2: Trend (ADX >= threshold) + Conservative Range (ADX < threshold)
60,XAG_USD,BEARISH,2024-08-04 21:00:00+00:00,28.2607842,29.619318626147713,27.445663544311373,26.630542888622745,25.543715347704573,24.864448134630717,23.505913708483003,2024-08-19 21:00:00+00:00,29.11057554421158,Yes,Yes,No,No,No,No,TP2+Trail,-0.63,29842.61,6,360.0,0.18,1358.5,0.0,Regime-Adaptive V2: Trend (ADX >= threshold) + Conservative Range (ADX < threshold)
61,NZD_USD,BULLISH,2024-08-06 21:00:00+00:00,0.59588324,0.5828080877920903,0.6037283313247459,0.6115734226494918,0.6220335444158196,0.6285711205197745,0.6416462727276843,2024-08-29 21:00:00+00:00,0.6226564353976501,Yes,Yes,Yes,Yes,No,No,TP4+Trail,2.05,-7183.64,6,552.0,0.92,130.8,0.0,Regime-Adaptive V2: Trend (ADX >= threshold) + Conservative Range (ADX < threshold)
62,AUD_USD,BULLISH,2024-08-07 21:00:00+00:00,0.65328012,0.6324166270222703,0.6657982157866379,0.6783163115732757,0.6950071059554594,0.7054388524443242,0.7263023454220541,2024-12-17 22:00:00+00:00,0.6395947543538076,Yes,Yes,No,No,No,No,TP2+Trail,-0.66,4140.38,7,3169.0,0.58,208.6,0.0,Regime-Adaptive V2: Trend (ADX >= threshold) + Conservative Range (ADX < threshold)
63,NZD_USD,BEARISH,2024-09-05 21:00:00+00:00,0.62322758,0.628788340846031,0.6198911234923814,0.6165546669847628,0.6121060583079381,0.6093256778849225,0.6037649170388917,2024-09-11 21:00:00+00:00,0.6151637740590409,Yes,Yes,Yes,No,No,No,TP3+Trail,1.45,-1164.56,7,144.0,2.16,55.6,0.0,Regime-Adaptive V2: Trend (ADX >= threshold) + Conservative Range (ADX < threshold)
64,NZD_USD,BEARISH,2024-09-17 21:00:00+00:00,0.62163082,0.6287176639353973,0.6173787136387616,0.6131266072775233,0.6074571321292055,0.6039137101615069,0.5968268662261096,2024-09-23 21:00:00+00:00,0.6294676639353973,No,No,No,No,No,Yes,SL,-1.11,1495.59,6,144.0,1.69,70.9,0.0,Regime-Adaptive V2: Trend (ADX >= threshold) + Conservative Range (ADX < threshold)
65,EUR_JPY,BULLISH,2024-09-26 21:00:00+00:00,158.792,155.54131624369458,160.74241025378325,162.6928205075665,165.29336751261084,166.91870939076355,170.16939314706897,2024-11-07 22:00:00+00:00,163.8693337537441,Yes,Yes,Yes,No,No,No,TP3+Trail,1.56,-16405.96,6,1009.0,0.01,325.1,0.0,Regime-Adaptive V2: Trend (ADX >= threshold) + Conservative Range (ADX < threshold)
66,EUR_JPY,BULLISH,2024-09-29 21:00:00+00:00,158.11345799999998,155.63301674723473,159.60172275165914,161.08998750331827,163.07434050553047,164.31456113191308,166.79500238467836,2024-10-06 21:00:00+00:00,161.9699573856329,Yes,Yes,Yes,No,No,No,TP3+Trail,1.55,-12019.55,6,168.0,0.01,248.0,0.0,Regime-Adaptive V2: Trend (ADX >= threshold) + Conservative Range (ADX < threshold)
67,GBP_USD,BULLISH,2024-10-02 21:00:00+00:00,1.31845164,1.2996504637564064,1.329732345746156,1.3410130514923122,1.356053992487187,1.3654545806089837,1.3842557568525775,2024-10-15 21:00:00+00:00,1.2989004637564063,No,No,No,No,No,Yes,SL,-1.04,5791.8,8,312.0,0.64,188.0,0.0,Regime-Adaptive V2: Trend (ADX >= threshold) + Conservative Range (ADX < threshold)
68,NZD_USD,BULLISH,2024-10-02 21:00:00+00:00,0.62121538,0.6102528257225818,0.6277929125664509,0.6343704451329019,0.6431404885548364,0.6486217656935456,0.6595843199709637,2024-10-08 21:00:00+00:00,0.6095028257225817,No,No,No,No,No,Yes,SL,-1.07,2935.7,6,144.0,1.09,109.6,0.0,Regime-Adaptive V2: Trend (ADX >= threshold) + Conservative Range (ADX < threshold)
69,AUD_USD,BULLISH,2024-10-06 21:00:00+00:00,0.67571052,0.6642810799957484,0.6825681840025509,0.6894258480051019,0.6985694000085032,0.704284120010629,0.7157135600148806,2024-10-22 21:00:00+00:00,0.6635310799957483,No,No,No,No,No,Yes,SL,-1.07,3107.13,7,384.0,1.05,114.3,0.0,Regime-Adaptive V2: Trend (ADX >= threshold) + Conservative Range (ADX < threshold)
70,XAG_USD,BULLISH,2024-10-17 21:00:00+00:00,31.725922,30.003912062953887,32.759127962227666,33.792333924455335,35.16994187409223,36.030946842615286,37.752956779661396,2024-11-13 22:00:00+00:00,30.65077583903141,Yes,Yes,No,No,No,No,TP2+Trail,-0.62,37956.78,8,649.0,0.14,1722.0,0.0,Regime-Adaptive V2: Trend (ADX >= threshold) + Conservative Range (ADX < threshold)
71,GBP_USD,BEARISH,2024-10-30 21:00:00+00:00,1.29928596,1.3092314102964782,1.293318689822113,1.2873514196442262,1.2793950594070436,1.2744223342588046,1.2644768839623262,2024-11-12 22:00:00+00:00,1.2791007871259135,Yes,Yes,Yes,Yes,No,No,TP4+Trail,2.03,-4833.59,8,313.0,1.21,99.5,0.0,Regime-Adaptive V2: Trend (ADX >= threshold) + Conservative Range (ADX < threshold)
72,XAG_USD,BULLISH,2024-10-31 21:00:00+00:00,32.4495,29.99116101479713,33.924503391121725,35.39950678224345,37.366177970405744,38.59534746300718,41.05368644821005,2024-11-13 22:00:00+00:00,29.98366101479713,No,No,No,No,No,Yes,SL,-1.0,87567.75,8,313.0,0.1,2458.3,0.0,Regime-Adaptive V2: Trend (ADX >= threshold) + Conservative Range (ADX < threshold)
73,XAG_USD,BULLISH,2024-11-03 22:00:00+00:00,32.451,30.006154870883048,33.917907077470176,35.384814154940344,37.340690258233906,38.563112822792384,41.00795795190933,2024-11-13 22:00:00+00:00,29.998654870883048,No,No,No,No,No,Yes,SL,-1.0,87081.95,8,240.0,0.1,2444.8,0.0,Regime-Adaptive V2: Trend (ADX >= threshold) + Conservative Range (ADX < threshold)
74,GBP_USD,BULLISH,2024-11-03 22:00:00+00:00,1.29568,1.2810474353465109,1.3044595387920934,1.313239077584187,1.324945129306978,1.3322614116337226,1.3468939762872116,2024-11-11 22:00:00+00:00,1.2826386456910692,Yes,No,No,No,No,No,TP1+Trail,-0.89,3626.45,6,192.0,0.82,146.3,0.0,Regime-Adaptive V2: Trend (ADX >= threshold) + Conservative Range (ADX < threshold)
75,GBP_USD,BEARISH,2024-11-03 22:00:00+00:00,1.29928596,1.3092784524181582,1.293290464549105,1.28729496909821,1.2793009751636835,1.2743047289546043,1.264312236536446,2024-11-12 22:00:00+00:00,1.2790017634597768,Yes,Yes,Yes,Yes,No,No,TP4+Trail,2.03,-4868.81,7,216.0,1.2,99.9,0.0,Regime-Adaptive V2: Trend (ADX >= threshold) + Conservative Range (ADX < threshold)
76,BTC_USD,BULLISH,2024-11-05 22:00:00+00:00,70260.5174,65180.539168713,73308.5043387722,76356.4912775444,80420.47386257398,82960.46297821749,88040.44120950447,2024-11-10 22:00:00+00:00,83232.36178093827,Yes,Yes,Yes,Yes,Yes,No,TP5,2.55,-463925.23,12,120.0,0.24,5080.0,0.0,Regime-Adaptive V2: Trend (ADX >= threshold) + Conservative Range (ADX < threshold)
77,USD_CAD,BULLISH,2024-11-05 22:00:00+00:00,1.38686104,1.3785130764575635,1.391869818125462,1.396878596250924,1.4035569670848733,1.4077309488560916,1.4160789123985282,2024-11-17 22:00:00+00:00,1.4036835032568291,Yes,Yes,Yes,Yes,No,No,TP4+Trail,2.02,-3640.32,8,288.0,1.99,83.5,0.0,Regime-Adaptive V2: Trend (ADX >= threshold) + Conservative Range (ADX < threshold)
78,AUD_USD,BULLISH,2024-11-06 22:00:00+00:00,0.66116312,0.6487465767015127,0.6686130459790923,0.6760629719581848,0.6859962065969746,0.6922044782462182,0.7046210215447055,2024-11-12 22:00:00+00:00,0.6479965767015127,No,No,No,No,No,Yes,SL,-1.06,3468.74,7,144.0,0.97,124.2,0.0,Regime-Adaptive V2: Trend (ADX >= threshold) + Conservative Range (ADX < threshold)
79,NZD_USD,BULLISH,2024-11-06 22:00:00+00:00,0.59722666,0.5889292582207233,0.6022051010675661,0.6071835421351321,0.6138214635585535,0.6179701644481919,0.6262675662274686,2024-11-12 22:00:00+00:00,0.5895068425054075,Yes,No,No,No,No,No,TP1+Trail,-0.93,1663.78,8,144.0,1.45,83.0,0.0,Regime-Adaptive V2: Trend (ADX >= threshold) + Conservative Range (ADX < threshold)
80,USD_CAD,BULLISH,2024-11-06 22:00:00+00:00,1.38598,1.3783553567105946,1.3905547859736431,1.3951295719472865,1.4012292865788107,1.4050416082235135,1.4126662515129187,2024-11-14 22:00:00+00:00,1.4012798741241983,Yes,Yes,Yes,Yes,No,No,TP4+Trail,2.01,-3102.4,7,192.0,2.18,76.2,0.0,Regime-Adaptive V2: Trend (ADX >= threshold) + Conservative Range (ADX < threshold)
81,AUD_USD,BULLISH,2024-11-07 22:00:00+00:00,0.66116312,0.6485723926514047,0.6687175564091572,0.6762719928183144,0.6863445746971907,0.6926399383714883,0.7052306657200837,2024-11-12 22:00:00+00:00,0.6478223926514046,No,No,No,No,No,Yes,SL,-1.06,3532.45,6,120.0,0.95,125.9,0.0,Regime-Adaptive V2: Trend (ADX >= threshold) + Conservative Range (ADX < threshold)
82,USD_CAD,BULLISH,2024-11-07 22:00:00+00:00,1.38686104,1.3783428312312664,1.3919719652612403,1.3970828905224806,1.4038974575374674,1.4081565619218344,1.4166747706905678,2024-11-17 22:00:00+00:00,1.4040418694581844,Yes,Yes,Yes,Yes,No,No,TP4+Trail,2.02,-3767.17,9,240.0,1.95,85.2,0.0,Regime-Adaptive V2: Trend (ADX >= threshold) + Conservative Range (ADX < threshold)
83,USD_CAD,BULLISH,2024-11-18 22:00:00+00:00,1.39562,1.3825270464161143,1.4034757721503315,1.4113315443006629,1.4218059071677716,1.4283523839597145,1.4414453375436,2024-12-17 22:00:00+00:00,1.4283224964068282,Yes,Yes,Yes,Yes,Yes,No,TP5,2.5,-8778.64,7,696.0,1.28,130.9,0.0,Regime-Adaptive V2: Trend (ADX >= threshold) + Conservative Range (ADX < threshold)
84,ETH_USD,BULLISH,2024-11-20 22:00:00+00:00,3097.91024,2854.0524082342477,3244.2249390594516,3390.539638118903,3585.625903531505,3707.554819414381,3951.412651180134,2024-12-02 22:00:00+00:00,3611.155975866909,Yes,Yes,Yes,Yes,No,No,TP4+Trail,2.1,-1845161.54,7,288.0,4.92,24385.8,0.0,Regime-Adaptive V2: Trend (ADX >= threshold) + Conservative Range (ADX < threshold)
85,USD_CAD,BULLISH,2024-11-20 22:00:00+00:00,1.39364202,1.3827240033526709,1.4001928299883974,1.4067436399767947,1.415478053294658,1.4209370616183226,1.4318550782656516,2024-11-26 22:00:00+00:00,1.4101970763860165,Yes,Yes,Yes,No,No,No,TP3+Trail,1.52,-4142.07,7,144.0,1.53,109.2,0.0,Regime-Adaptive V2: Trend (ADX >= threshold) + Conservative Range (ADX < threshold)
86,USD_CAD,BULLISH,2024-11-20 22:00:00+00:00,1.39473836,1.3826965745417659,1.4019634312749405,1.4091885025498812,1.4188219309164685,1.4248428236455855,1.4368846091038199,2024-12-10 22:00:00+00:00,1.4130745899513013,Yes,Yes,Yes,No,No,No,TP3+Trail,1.52,-4775.61,8,480.0,1.39,120.4,0.0,Regime-Adaptive V2: Trend (ADX >= threshold) + Conservative Range (ADX < threshold)
87,USD_CAD,BULLISH,2024-11-26 22:00:00+00:00,1.40308,1.3897450441110546,1.4110809735333674,1.4190819470667346,1.4297499117778911,1.4364173897223638,1.4497523456113095,2024-12-18 22:00:00+00:00,1.4304000821462304,Yes,Yes,Yes,Yes,No,No,TP4+Trail,2.05,-7379.18,7,528.0,1.26,133.3,0.0,Regime-Adaptive V2: Trend (ADX >= threshold) + Conservative Range (ADX < threshold)
88,ETH_USD,BULLISH,2024-12-08 22:00:00+00:00,3521.98252,3222.12623665335,3701.89629000799,3881.81006001598,4121.6950866933,4271.623228366625,4571.479511713274,2024-12-19 22:00:00+00:00,3335.996624325077,Yes,Yes,No,No,No,No,TP2+Trail,-0.62,668805.67,7,264.0,4.0,29985.6,0.0,Regime-Adaptive V2: Trend (ADX >= threshold) + Conservative Range (ADX < threshold)
89,ETH_USD,BULLISH,2024-12-08 22:00:00+00:00,3595.12624,3220.9524948694702,3819.630487078318,4044.1347341566357,4343.473730261059,4530.560602826325,4904.734347956854,2024-12-19 22:00:00+00:00,3363.0635180190716,Yes,Yes,No,No,No,No,TP2+Trail,-0.62,834682.3,7,264.0,3.21,37417.4,0.0,Regime-Adaptive V2: Trend (ADX >= threshold) + Conservative Range (ADX < threshold)
90,BTC_USD,BULLISH,2024-12-17 22:00:00+00:00,100411.13399999999,94457.50106789658,103983.31375926203,107555.49351852409,112318.39986420682,115295.21633025852,121248.84926236194,2024-12-19 22:00:00+00:00,94450.00106789658,No,No,No,No,No,Yes,SL,-1.0,213400.48,11,48.0,0.2,5953.6,0.0,Regime-Adaptive V2: Trend (ADX >= threshold) + Conservative Range (ADX < threshold)
91,BTC_USD,BULLISH,2024-12-17 22:00:00+00:00,101162.8,94462.19939017613,105183.16036589432,109203.52073178865,114564.00121964775,117914.30152455968,124614.90213438356,2024-12-19 22:00:00+00:00,94454.69939017613,No,No,No,No,No,Yes,SL,-1.0,240291.48,11,48.0,0.18,6700.6,0.0,Regime-Adaptive V2: Trend (ADX >= threshold) + Conservative Range (ADX < threshold)
92,GBP_USD,BEARISH,2025-01-01 22:00:00+00:00,1.2499656000000001,1.2646487068218775,1.2411557359068737,1.2323458718137472,1.2205993863562454,1.2132578329453068,1.1985747261234294,2025-01-13 22:00:00+00:00,1.2198076601399483,Yes,Yes,Yes,Yes,No,No,TP4+Trail,2.05,-8394.62,7,288.0,0.82,146.8,0.0,Regime-Adaptive V2: Trend (ADX >= threshold) + Conservative Range (ADX < threshold)
93,ETH_USD,BULLISH,2025-01-02 22:00:00+00:00,3492.9204,3208.8946734816177,3663.3358359110293,3833.7512718220587,4060.9718530367645,4202.984716295956,4487.010442814338,2025-01-07 22:00:00+00:00,3254.263789724559,Yes,No,No,No,No,No,TP1+Trail,-0.84,858156.49,10,120.0,4.22,28402.6,0.0,Regime-Adaptive V2: Trend (ADX >= threshold) + Conservative Range (ADX < threshold)
94,BTC_USD,BULLISH,2025-01-05 22:00:00+00:00,100411.13399999999,93123.1808192264,104783.90590846415,109156.6778169283,114987.04036154717,118631.01695193397,125918.97013270756,2025-01-07 22:00:00+00:00,93115.6808192264,No,No,No,No,No,Yes,SL,-1.0,261436.28,12,48.0,0.16,7288.0,0.0,Regime-Adaptive V2: Trend (ADX >= threshold) + Conservative Range (ADX < threshold)
95,GBP_USD,BEARISH,2025-01-05 22:00:00+00:00,1.25204,1.2621953536536819,1.245946787807791,1.239853575615582,1.2317292926926364,1.2266516158657956,1.2164962622121136,2025-01-09 22:00:00+00:00,1.231412980559,Yes,Yes,Yes,Yes,No,No,TP4+Trail,2.03,-4990.79,8,96.0,1.18,101.6,0.0,Regime-Adaptive V2: Trend (ADX >= threshold) + Conservative Range (ADX < threshold)
96,GBP_USD,BEARISH,2025-01-05 22:00:00+00:00,1.2499656000000001,1.264541227763172,1.241220223342097,1.232474846684194,1.2208143444736563,1.2135265305920704,1.1989509028288985,2025-01-13 22:00:00+00:00,1.2200339035585233,Yes,Yes,Yes,Yes,No,No,TP4+Trail,2.05,-8313.62,7,192.0,0.82,145.8,0.0,Regime-Adaptive V2: Trend (ADX >= threshold) + Conservative Range (ADX < threshold)
97,ETH_USD,BULLISH,2025-01-06 22:00:00+00:00,3514.5798,3312.7031031483066,3635.705818111016,3756.831836222032,3918.3331937033868,4019.2715421292332,4221.148238980927,2025-01-07 22:00:00+00:00,3312.6281031483068,No,No,No,No,No,Yes,SL,-1.0,725826.86,10,24.0,5.94,20187.7,0.0,Regime-Adaptive V2: Trend (ADX >= threshold) + Conservative Range (ADX < threshold)
98,BTC_USD,BULLISH,2025-01-07 22:00:00+00:00,95700.32979999999,89696.55695732003,99302.59350560796,102904.85721121595,107707.87548535991,110709.76190669989,116713.53474937985,2025-01-12 22:00:00+00:00,89689.05695732003,No,No,No,No,No,Yes,SL,-1.0,215205.52,9,120.0,0.2,6003.8,0.0,Regime-Adaptive V2: Trend (ADX >= threshold) + Conservative Range (ADX < threshold)
99,BTC_USD,BULLISH,2025-01-07 22:00:00+00:00,96579.5,89624.11360322575,100752.73183806454,104925.9636761291,110490.2727935485,113967.96599193563,120923.35238870987,2025-01-12 22:00:00+00:00,89616.61360322575,No,No,No,No,No,Yes,SL,-1.0,249463.82,9,120.0,0.17,6955.4,0.0,Regime-Adaptive V2: Trend (ADX >= threshold) + Conservative Range (ADX < threshold)
100,BTC_USD,BULLISH,2025-01-12 22:00:00+00:00,94478.7,89624.33048870963,97391.32170677422,100303.94341354843,104187.43902258073,106614.62377822591,111468.99328951628,2025-01-19 22:00:00+00:00,102165.37567539522,Yes,Yes,Yes,No,No,No,TP3+Trail,1.58,-274822.08,9,168.0,0.25,4854.4,0.0,Regime-Adaptive V2: Trend (ADX >= threshold) + Conservative Range (ADX < threshold)
101,BTC_USD,BULLISH,2025-01-12 22:00:00+00:00,94624.1,89665.66353363228,97599.16187982065,100574.22375964127,104540.97293273546,107020.19116591933,111978.62763228704,2025-01-19 22:00:00+00:00,102475.72179919285,Yes,Yes,Yes,No,No,No,TP3+Trail,1.58,-280760.1,9,168.0,0.24,4958.4,0.0,Regime-Adaptive V2: Trend (ADX >= threshold) + Conservative Range (ADX < threshold)
102,BTC_USD,BULLISH,2025-01-12 22:00:00+00:00,95700.32979999999,89647.50688237323,99332.02355057605,102963.71730115211,107805.97563525352,110832.3870940669,116885.21001169366,2025-01-20 22:00:00+00:00,105286.55412443841,Yes,Yes,Yes,No,No,No,TP3+Trail,1.58,-343205.46,9,192.0,0.2,6052.8,0.0,Regime-Adaptive V2: Trend (ADX >= threshold) + Conservative Range (ADX < threshold)
103,ETH_USD,BULLISH,2025-01-14 22:00:00+00:00,3234.8473599999998,2816.9837890115427,3485.565502593074,3736.283645186148,4070.574501976914,4279.506287471142,4697.3698584595995,2025-02-02 22:00:00+00:00,2883.766960369696,Yes,No,No,No,No,No,TP1+Trail,-0.84,1262882.23,7,456.0,2.87,41786.4,0.0,Regime-Adaptive V2: Trend (ADX >= threshold) + Conservative Range (ADX < threshold)
104,ETH_USD,BULLISH,2025-01-16 22:00:00+00:00,3514.5798,3120.8161625160096,3750.837982490394,3987.096164980788,4302.10707496798,4498.988893709976,4892.752531193966,2025-01-26 22:00:00+00:00,3120.74116251601,No,No,No,No,No,Yes,SL,-1.0,1416620.07,7,240.0,3.05,39376.4,0.0,Regime-Adaptive V2: Trend (ADX >= threshold) + Conservative Range (ADX < threshold)
105,USD_CAD,BULLISH,2025-01-16 22:00:00+00:00,1.43890124,1.427001909630413,1.4460408382217524,1.4531804364435046,1.4626999007391743,1.4686495659239678,1.4805488962935551,2025-01-19 22:00:00+00:00,1.426251909630413,No,No,No,No,No,Yes,SL,-1.06,3279.4,7,72.0,1.45,119.0,0.0,Regime-Adaptive V2: Trend (ADX >= threshold) + Conservative Range (ADX < threshold)
106,USD_CAD,BULLISH,2025-01-19 22:00:00+00:00,1.43890124,1.4265880589425264,1.4462891486344842,1.4536770572689686,1.4635276021149475,1.4696841926436843,1.481997373701158,2025-02-03 22:00:00+00:00,1.4640704861259821,Yes,Yes,Yes,Yes,No,No,TP4+Trail,2.04,-6610.47,8,360.0,1.4,123.1,0.0,Regime-Adaptive V2: Trend (ADX >= threshold) + Conservative Range (ADX < threshold)
107,USD_CAD,BULLISH,2025-01-20 22:00:00+00:00,1.43890124,1.428231139844004,1.4453033000935978,1.4517053601871954,1.4602414403119923,1.4655764903899904,1.4762465905459865,2025-02-02 22:00:00+00:00,1.46541334589857,Yes,Yes,Yes,Yes,Yes,No,TP5,2.48,-6565.69,9,312.0,1.62,106.7,0.0,Regime-Adaptive V2: Trend (ADX >= threshold) + Conservative Range (ADX < threshold)
108,USD_CAD,BULLISH,2025-01-21 22:00:00+00:00,1.4378,1.4221314181698315,1.4472011490981012,1.4566022981962021,1.469137163660337,1.4769714545754211,1.4926400364055898,2025-02-03 22:00:00+00:00,1.4700323647525046,Yes,Yes,Yes,Yes,No,No,TP4+Trail,2.06,-9137.56,6,312.0,1.1,156.7,0.0,Regime-Adaptive V2: Trend (ADX >= threshold) + Conservative Range (ADX < threshold)
109,GBP_USD,BEARISH,2025-01-23 22:00:00+00:00,1.24550584,1.2660783703005358,1.2331623218196786,1.2208188036393572,1.2043607793989286,1.1940745142486606,1.173501983948125,2025-02-19 22:00:00+00:00,1.26353676545245,Yes,No,No,No,No,No,TP1+Trail,-0.88,5440.44,9,648.0,0.58,205.7,0.0,Regime-Adaptive V2: Trend (ADX >= threshold) + Conservative Range (ADX < threshold)
110,BTC_USD,BULLISH,2025-01-26 22:00:00+00:00,98162.4268,91545.20791938681,102132.75812836792,106103.08945673583,111396.86456122638,114705.47400153297,121322.69288214616,2025-02-02 22:00:00+00:00,94052.25109401983,Yes,Yes,No,No,No,No,TP2+Trail,-0.62,147221.71,8,168.0,0.18,6617.2,0.0,Regime-Adaptive V2: Trend (ADX >= threshold) + Conservative Range (ADX < threshold)
111,ETH_USD,BEARISH,2025-02-02 22:00:00+00:00,3123.113,3455.5031845255658,2923.6788892846603,2724.2447785693207,2458.332630948868,2292.137538686085,1959.747354160519,2025-02-26 22:00:00+00:00,2423.5066615736837,Yes,Yes,Yes,Yes,No,No,TP4+Trail,2.1,-2516059.61,10,576.0,3.61,33239.0,0.0,Regime-Adaptive V2: Trend (ADX >= threshold) + Conservative Range (ADX < threshold)
112,BTC_USD,BULLISH,2025-02-02 22:00:00+00:00,98162.4268,91528.27799716577,102142.91608170053,106123.40536340108,111430.72440566846,114747.79880708558,121381.9476099198,2025-02-24 22:00:00+00:00,92582.24180561925,Yes,No,No,No,No,No,TP1+Trail,-0.84,199878.31,8,528.0,0.18,6634.1,0.0,Regime-Adaptive V2: Trend (ADX >= threshold) + Conservative Range (ADX < threshold)
113,USD_CAD,BULLISH,2025-02-02 22:00:00+00:00,1.44031,1.4278587241864993,1.4477807654881003,1.4552515309762009,1.4652125516270014,1.4714381895337518,1.4838894653472523,2025-02-04 22:00:00+00:00,1.4291009283166594,Yes,No,No,No,No,No,TP1+Trail,-0.9,2956.06,8,48.0,1.39,124.5,0.0,Regime-Adaptive V2: Trend (ADX >= threshold) + Conservative Range (ADX < threshold)
114,AUD_USD,BEARISH,2025-02-03 22:00:00+00:00,0.62556,0.6346172747026645,0.6201256351784014,0.6146912703568026,0.607445450594671,0.6029168132433388,0.5938595385406743,2025-02-13 22:00:00+00:00,0.6353672747026645,No,No,No,No,No,Yes,SL,-1.08,2232.55,7,240.0,1.32,90.6,0.0,Regime-Adaptive V2: Trend (ADX >= threshold) + Conservative Range (ADX < threshold)
115,NZD_USD,BEARISH,2025-02-03 22:00:00+00:00,0.5652,0.5721342569996686,0.5610394458001989,0.5568788916003978,0.551331486000663,0.5478643575008286,0.5409301005011602,2025-02-13 22:00:00+00:00,0.5717747758797216,Yes,No,No,No,No,No,TP1+Trail,-0.95,1230.27,10,240.0,1.73,69.3,0.0,Regime-Adaptive V2: Trend (ADX >= threshold) + Conservative Range (ADX < threshold)
116,USD_CAD,BULLISH,2025-02-03 22:00:00+00:00,1.43890124,1.427890815316035,1.4455074948103792,1.4521137496207581,1.4609220893679302,1.4664273017099128,1.4774377263938778,2025-02-04 22:00:00+00:00,1.427140815316035,No,No,No,No,No,Yes,SL,-1.07,2953.29,8,24.0,1.57,110.1,0.0,Regime-Adaptive V2: Trend (ADX >= threshold) + Conservative Range (ADX < threshold)
117,USD_CAD,BULLISH,2025-02-03 22:00:00+00:00,1.4379461,1.425946839206112,1.4451456564763328,1.4523452129526655,1.4619446215877758,1.46794425198472,1.4799435127786076,2025-02-11 22:00:00+00:00,1.425196839206112,No,No,No,No,No,Yes,SL,-1.06,3316.0,7,192.0,1.44,120.0,0.0,Regime-Adaptive V2: Trend (ADX >= threshold) + Conservative Range (ADX < threshold)
118,AUD_USD,BEARISH,2025-02-04 22:00:00+00:00,0.62743192,0.6345116804490233,0.6231840637305861,0.6189362074611722,0.6132723991019535,0.6097325188774418,0.6026527584284187,2025-02-13 22:00:00+00:00,0.6352616804490233,No,No,No,No,No,Yes,SL,-1.11,1492.92,7,216.0,1.69,70.8,0.0,Regime-Adaptive V2: Trend (ADX >= threshold) + Conservative Range (ADX < threshold)
119,AUD_USD,BEARISH,2025-02-04 22:00:00+00:00,0.6285,0.6345913979381884,0.6248451612370869,0.6211903224741738,0.616317204123623,0.6132715051545288,0.6071801072163403,2025-02-13 22:00:00+00:00,0.6343667742680783,Yes,No,No,No,No,No,TP1+Trail,-0.96,957.45,10,216.0,1.97,60.9,0.0,Regime-Adaptive V2: Trend (ADX >= threshold) + Conservative Range (ADX < threshold)
120,USD_CAD,BULLISH,2025-02-09 22:00:00+00:00,1.4379461,1.4245526062542497,1.4459821962474502,1.4540182924949003,1.4647330874915006,1.4714298343643757,1.484823328110126,2025-02-12 22:00:00+00:00,1.4238026062542497,No,No,No,No,No,Yes,SL,-1.06,3825.73,8,72.0,1.29,133.9,0.0,Regime-Adaptive V2: Trend (ADX >= threshold) + Conservative Range (ADX < threshold)
121,EUR_JPY,BEARISH,2025-02-11 22:00:00+00:00,160.014076,163.10476844747538,158.15966053151476,156.30524506302953,153.8326911050492,152.28734488131153,149.1966524338361,2025-03-17 21:00:00+00:00,162.00530531743473,Yes,Yes,No,No,No,No,TP2+Trail,-0.64,6396.08,7,815.0,0.01,309.1,0.0,Regime-Adaptive V2: Trend (ADX >= threshold) + Conservative Range (ADX < threshold)
122,BTC_USD,BEARISH,2025-03-02 22:00:00+00:00,93745.06539999999,101900.65506733002,88851.71159960197,83958.35779920395,77433.88606533993,73356.09123167492,65200.501564344886,2025-03-10 21:00:00+00:00,80825.9557772819,Yes,Yes,Yes,No,No,No,TP3+Trail,1.58,-463188.95,8,191.0,0.15,8155.6,0.0,Regime-Adaptive V2: Trend (ADX >= threshold) + Conservative Range (ADX < threshold)
123,BTC_USD,BULLISH,2025-03-04 22:00:00+00:00,90376.5,75522.70632910929,99288.77620253443,108201.05240506885,120084.08734178141,127510.98417722677,142364.77784811746,2025-04-06 21:00:00+00:00,75515.20632910929,No,No,No,No,No,Yes,SL,-1.0,533807.17,9,791.0,0.08,14853.8,0.0,Regime-Adaptive V2: Trend (ADX >= threshold) + Conservative Range (ADX < threshold)
124,NZD_USD,BEARISH,2025-03-04 22:00:00+00:00,0.57188616,0.5798679152929439,0.5670971068242338,0.5623080536484674,0.5559226494141123,0.5519317717676404,0.5439500164746964,2025-03-16 21:00:00+00:00,0.5806179152929439,No,No,No,No,No,Yes,SL,-1.09,1831.99,6,287.0,1.5,79.8,0.0,Regime-Adaptive V2: Trend (ADX >= threshold) + Conservative Range (ADX < threshold)
125,NZD_USD,BEARISH,2025-03-04 22:00:00+00:00,0.57061792,0.5798609213434479,0.5650721191939313,0.5595263183878625,0.5521319173131042,0.5475104166413802,0.5382674152979323,2025-03-16 21:00:00+00:00,0.5806109213434479,No,No,No,No,No,Yes,SL,-1.08,2301.41,6,287.0,1.3,92.4,0.0,Regime-Adaptive V2: Trend (ADX >= threshold) + Conservative Range (ADX < threshold)
126,USD_CAD,BULLISH,2025-03-05 22:00:00+00:00,1.4276874000000002,1.4113924114524572,1.437464393128526,1.4472413862570517,1.460277377095086,1.4684248713688577,1.4847198599164004,2025-04-02 21:00:00+00:00,1.4168345071005235,Yes,Yes,No,No,No,No,TP2+Trail,-0.67,3108.61,6,671.0,1.05,162.9,0.0,Regime-Adaptive V2: Trend (ADX >= threshold) + Conservative Range (ADX < threshold)
127,USD_CAD,BULLISH,2025-03-05 22:00:00+00:00,1.42932988,1.4128808106344244,1.4391993216193455,1.449068763238691,1.4622280187311514,1.4704525534139392,1.4869016227795149,2025-04-02 21:00:00+00:00,1.418381456993343,Yes,Yes,No,No,No,No,TP2+Trail,-0.67,3143.52,6,671.0,1.04,164.5,0.0,Regime-Adaptive V2: Trend (ADX >= threshold) + Conservative Range (ADX < threshold)
128,BTC_USD,BULLISH,2025-03-06 22:00:00+00:00,86324.3908,75531.6773056015,92800.0188966391,99275.64699327819,107909.817788797,113306.17453599625,124098.88803039474,2025-04-06 21:00:00+00:00,75524.1773056015,No,No,No,No,No,Yes,SL,-1.0,387608.05,9,743.0,0.11,10792.7,0.0,Regime-Adaptive V2: Trend (ADX >= threshold) + Conservative Range (ADX < threshold)
129,EUR_JPY,BULLISH,2025-03-19 21:00:00+00:00,161.032634,158.7000194705839,162.43220271764966,163.83177143529932,165.6978630588322,166.86417032354026,169.19678485295637,2025-04-06 21:00:00+00:00,159.51141299176203,Yes,Yes,No,No,No,No,TP2+Trail,-0.65,4694.59,7,432.0,0.01,233.3,0.0,Regime-Adaptive V2: Trend (ADX >= threshold) + Conservative Range (ADX < threshold)
130,EUR_JPY,BULLISH,2025-04-01 21:00:00+00:00,161.40335199999998,159.46294787250355,162.56759447649785,163.7318369529957,165.28416025499286,166.25436231874107,168.1947664462375,2025-04-03 21:00:00+00:00,159.69841253290298,Yes,No,No,No,No,No,TP1+Trail,-0.88,5084.45,6,48.0,0.01,194.0,0.0,Regime-Adaptive V2: Trend (ADX >= threshold) + Conservative Range (ADX < threshold)
131,EUR_JPY,BEARISH,2025-04-02 21:00:00+00:00,160.600638,165.08904840410383,157.90759175753772,155.2145455150754,151.62381719179234,149.37961198974043,144.8912015856366,2025-05-12 21:00:00+00:00,165.16404840410382,No,No,No,No,No,Yes,SL,-1.02,15209.45,10,960.0,0.01,448.8,0.0,Regime-Adaptive V2: Trend (ADX >= threshold) + Conservative Range (ADX < threshold)
132,AUD_USD,BEARISH,2025-04-02 21:00:00+00:00,0.63285,0.6423310116482642,0.6271613930110415,0.621472786022083,0.6138879767034716,0.6091474708793395,0.5996664592310753,2025-04-03 21:00:00+00:00,0.609376015238685,Yes,Yes,Yes,Yes,Yes,No,TP5,2.48,-5482.53,9,24.0,1.27,94.8,0.0,Regime-Adaptive V2: Trend (ADX >= threshold) + Conservative Range (ADX < threshold)
133,NZD_USD,BEARISH,2025-04-02 21:00:00+00:00,0.57659088,0.5851285954283935,0.5714682507429639,0.5663456214859279,0.5595154491432132,0.5552465914290164,0.546708876000623,2025-04-06 21:00:00+00:00,0.5593689890232318,Yes,Yes,Yes,Yes,No,No,TP4+Trail,2.02,-3781.72,9,96.0,1.41,85.4,0.0,Regime-Adaptive V2: Trend (ADX >= threshold) + Conservative Range (ADX < threshold)
134,USD_CAD,BULLISH,2025-04-02 21:00:00+00:00,1.43054,1.4132413008541087,1.4409192194875347,1.4512984389750694,1.4651373982917824,1.473786747864728,1.4910854470106192,2025-04-03 21:00:00+00:00,1.4124913008541087,No,No,No,No,No,Yes,SL,-1.04,5246.76,8,24.0,0.99,173.0,0.0,Regime-Adaptive V2: Trend (ADX >= threshold) + Conservative Range (ADX < threshold)
135,USD_CAD,BULLISH,2025-04-02 21:00:00+00:00,1.43172,1.4133594222216723,1.4427363466669967,1.4537526933339935,1.4684411555566557,1.4776214444458196,1.4959820222241473,2025-04-03 21:00:00+00:00,1.4126094222216723,No,No,No,No,No,Yes,SL,-1.04,5632.04,7,24.0,0.94,183.6,0.0,Regime-Adaptive V2: Trend (ADX >= threshold) + Conservative Range (ADX < threshold)
136,USD_CAD,BULLISH,2025-04-02 21:00:00+00:00,1.43123388,1.419989856507528,1.4379802940954831,1.4447267081909663,1.453721926984944,1.45934393873118,1.470587962223652,2025-04-03 21:00:00+00:00,1.419239856507528,No,No,No,No,No,Yes,SL,-1.07,3039.09,6,24.0,1.53,112.4,0.0,Regime-Adaptive V2: Trend (ADX >= threshold) + Conservative Range (ADX < threshold)
137,EUR_JPY,BEARISH,2025-04-03 21:00:00+00:00,161.14,165.13133066095355,158.74520160342786,156.3504032068557,153.15733867809286,151.16167334761607,147.1703426866625,2025-05-12 21:00:00+00:00,164.567717755201,Yes,No,No,No,No,No,TP1+Trail,-0.86,11310.27,8,936.0,0.01,399.1,0.0,Regime-Adaptive V2: Trend (ADX >= threshold) + Conservative Range (ADX < threshold)
138,AUD_USD,BEARISH,2025-04-03 21:00:00+00:00,0.62183312,0.6422944657958535,0.609556312522488,0.5972795050449758,0.5809104284082931,0.5706797555103664,0.5502184097145129,2025-04-20 21:00:00+00:00,0.6352691543934291,Yes,Yes,No,No,No,No,TP2+Trail,-0.66,4049.77,9,408.0,0.59,204.6,0.0,Regime-Adaptive V2: Trend (ADX >= threshold) + Conservative Range (ADX < threshold)
139,NZD_USD,BEARISH,2025-04-03 21:00:00+00:00,0.57199596,0.5883606708896638,0.5621771334662017,0.5523583069324034,0.5392665382206723,0.5310841827758404,0.5147194718861765,2025-04-13 21:00:00+00:00,0.5828920807515916,Yes,Yes,No,No,No,No,TP2+Trail,-0.67,3124.41,8,240.0,0.73,163.6,0.0,Regime-Adaptive V2: Trend (ADX >= threshold) + Conservative Range (ADX < threshold)
140,EUR_JPY,BULLISH,2025-04-06 21:00:00+00:00,161.257,159.29565724340026,162.43380565395987,163.6106113079197,165.1796855131995,166.16035689149936,168.12169964809914,2025-05-13 21:00:00+00:00,164.2907282692106,Yes,Yes,Yes,No,No,No,TP3+Trail,1.55,-9067.16,8,888.0,0.01,196.1,0.0,Regime-Adaptive V2: Trend (ADX >= threshold) + Conservative Range (ADX < threshold)
141,USD_CAD,BEARISH,2025-04-06 21:00:00+00:00,1.4293924,1.4469348128885573,1.4188669522668655,1.4083415045337313,1.3943075742228854,1.3855363677786068,1.3679939548900495,2025-04-13 21:00:00+00:00,1.393215620869587,Yes,Yes,Yes,Yes,No,No,TP4+Trail,2.06,-10551.42,7,168.0,0.98,175.4,0.0,Regime-Adaptive V2: Trend (ADX >= threshold) + Conservative Range (ADX < threshold)
142,GBP_USD,BULLISH,2025-04-09 21:00:00+00:00,1.29873026,1.2854875397535812,1.3066758921478512,1.3146215242957024,1.3252157004928373,1.3318370606160466,1.3450797808624655,2025-04-15 21:00:00+00:00,1.3189699715905736,Yes,Yes,Yes,No,No,No,TP3+Trail,1.53,-5454.09,10,144.0,0.91,132.4,0.0,Regime-Adaptive V2: Trend (ADX >= threshold) + Conservative Range (ADX < threshold)
143,AUD_USD,BEARISH,2025-04-09 21:00:00+00:00,0.6197741400000001,0.6426088610961497,0.6060733073423104,0.5923724746846206,0.5741046978077009,0.5626873372596262,0.5398526161634765,2025-04-20 21:00:00+00:00,0.6433588610961497,No,No,No,No,No,Yes,SL,-1.03,7252.33,8,264.0,0.53,228.3,0.0,Regime-Adaptive V2: Trend (ADX >= threshold) + Conservative Range (ADX < threshold)
144,NZD_USD,BEARISH,2025-04-09 21:00:00+00:00,0.5699637200000001,0.5885413372546878,0.5588171496471874,0.5476705792943748,0.5328084854906245,0.5235196768632806,0.504942059608593,2025-04-13 21:00:00+00:00,0.5892913372546879,No,No,No,No,No,Yes,SL,-1.04,5710.75,9,96.0,0.65,185.8,0.0,Regime-Adaptive V2: Trend (ADX >= threshold) + Conservative Range (ADX < threshold)
145,GBP_USD,BULLISH,2025-05-12 21:00:00+00:00,1.3270701599999999,1.3095054248159423,1.3376090011104345,1.348147842220869,1.362199630368115,1.3709819979601439,1.3885467331442012,2025-06-12 21:00:00+00:00,1.3541602652667313,Yes,Yes,Yes,No,No,No,TP3+Trail,1.54,-7903.53,9,744.0,0.68,175.6,0.0,Regime-Adaptive V2: Trend (ADX >= threshold) + Conservative Range (ADX < threshold)
146,AUD_USD,BULLISH,2025-05-12 21:00:00+00:00,0.64314404,0.6338072709503894,0.6487461014297664,0.6543481628595328,0.6618175780992214,0.6664859626240267,0.6758227316736374,2025-07-24 21:00:00+00:00,0.6571928189436329,Yes,Yes,Yes,No,No,No,TP3+Trail,1.5,-3253.76,7,1752.0,1.29,93.4,0.0,Regime-Adaptive V2: Trend (ADX >= threshold) + Conservative Range (ADX < threshold)
147,NZD_USD,BULLISH,2025-05-12 21:00:00+00:00,0.59376,0.5840774903244011,0.5995695058053593,0.6053790116107185,0.6131250193511976,0.617966274188997,0.6276487838645958,2025-08-19 21:00:00+00:00,0.5870068440011287,Yes,Yes,No,No,No,No,TP2+Trail,-0.7,1595.02,7,2376.0,1.24,96.8,0.0,Regime-Adaptive V2: Trend (ADX >= threshold) + Conservative Range (ADX < threshold)
148,AUD_USD,BULLISH,2025-05-13 21:00:00+00:00,0.64286,0.6323487515967902,0.6491667490419258,0.6554734980838518,0.6638824968064196,0.6691381210080245,0.6796493694112344,2025-09-17 21:00:00+00:00,0.6642361778887567,Yes,Yes,Yes,Yes,No,No,TP4+Trail,2.03,-5257.49,10,3048.0,1.14,105.1,0.0,Regime-Adaptive V2: Trend (ADX >= threshold) + Conservative Range (ADX < threshold)
149,NZD_USD,BULLISH,2025-05-13 21:00:00+00:00,0.5944782000000001,0.5816643838726583,0.6021664896764052,0.6098547793528102,0.6201058322546836,0.6265127403183546,0.6393265564456962,2025-08-19 21:00:00+00:00,0.5857836340010482,Yes,Yes,No,No,No,No,TP2+Trail,-0.68,2316.62,9,2352.0,0.94,128.1,0.0,Regime-Adaptive V2: Trend (ADX >= threshold) + Conservative Range (ADX < threshold)
150,ETH_USD,BEARISH,2025-07-31 21:00:00+00:00,3696.8518,3963.315843783195,3536.973373730083,3377.094947460166,3163.92371243361,3030.6916905420126,2764.2276467588176,2025-08-07 21:00:00+00:00,3920.7565967778837,Yes,No,No,No,No,No,TP1+Trail,-0.84,805049.94,8,168.0,4.5,26646.4,0.0,Regime-Adaptive V2: Trend (ADX >= threshold) + Conservative Range (ADX < threshold)
151,ETH_USD,BEARISH,2025-08-05 21:00:00+00:00,3675.86,3890.9846696390664,3546.7851982165603,3417.7103964331204,3245.6106607218676,3138.0483259023345,2922.923656263268,2025-08-07 21:00:00+00:00,3891.059669639066,No,No,No,No,No,Yes,SL,-1.0,773519.59,10,48.0,5.58,21512.5,0.0,Regime-Adaptive V2: Trend (ADX >= threshold) + Conservative Range (ADX < threshold)
152,ETH_USD,BULLISH,2025-08-21 21:00:00+00:00,4451.2887,3953.5435143043806,4749.935811417372,5048.582922834744,5446.779071391239,5695.651664239049,6193.396849934668,2025-09-24 21:00:00+00:00,4033.1077440156796,Yes,No,No,No,No,No,TP1+Trail,-0.84,1504444.27,9,816.0,2.41,49774.5,0.0,Regime-Adaptive V2: Trend (ADX >= threshold) + Conservative Range (ADX < threshold)
153,BTC_USD,BULLISH,2025-08-21 21:00:00+00:00,117185.0628,111850.81409067653,120385.61202559408,123586.16125118815,127853.56021864693,130520.68457330867,135854.93328263215,2025-08-24 21:00:00+00:00,111843.31409067653,No,No,No,No,No,Yes,SL,-1.0,191102.47,11,72.0,0.22,5334.2,0.0,Regime-Adaptive V2: Trend (ADX >= threshold) + Conservative Range (ADX < threshold)
154,BTC_USD,BULLISH,2025-08-21 21:00:00+00:00,116976.0,110938.23917120011,120598.65649727994,124221.31299455986,129051.52165759978,132070.40207199974,138108.1629007996,2025-08-24 21:00:00+00:00,110930.73917120011,No,No,No,No,No,Yes,SL,-1.0,216429.1,8,72.0,0.2,6037.8,0.0,Regime-Adaptive V2: Trend (ADX >= threshold) + Conservative Range (ADX < threshold)
155,ETH_USD,BULLISH,2025-08-25 21:00:00+00:00,4451.2887,4066.8421678408185,4681.956619295509,4912.624538591018,5220.181764318363,5412.405030397954,5796.851562557135,2025-09-21 21:00:00+00:00,4128.278612986288,Yes,No,No,No,No,No,TP1+Trail,-0.84,1161829.09,8,648.0,3.12,38444.7,0.0,Regime-Adaptive V2: Trend (ADX >= threshold) + Conservative Range (ADX < threshold)
156,ETH_USD,BULLISH,2025-08-27 21:00:00+00:00,4451.2887,4071.7695129950457,4679.000212202973,4906.7117244059455,5210.327074009909,5400.086667512386,5779.60585451734,2025-09-21 21:00:00+00:00,4132.4175829158385,Yes,No,No,No,No,No,TP1+Trail,-0.84,1146928.79,8,600.0,3.16,37951.9,0.0,Regime-Adaptive V2: Trend (ADX >= threshold) + Conservative Range (ADX < threshold)
157,XAG_USD,BULLISH,2025-09-16 21:00:00+00:00,41.441393,40.26808326717342,42.145378839695944,42.8493646793919,43.78801246565316,44.37466733206645,45.54797706489303,2025-09-23 21:00:00+00:00,43.90370998759995,Yes,Yes,Yes,Yes,No,No,TP4+Trail,2.1,-86127.6,6,168.0,0.2,1173.3,0.0,Regime-Adaptive V2: Trend (ADX >= threshold) + Conservative Range (ADX < threshold)
158,XAG_USD,BULLISH,2025-09-16 21:00:00+00:00,41.67485,40.24695878649137,42.53158472810518,43.388319456210354,44.53063242701726,45.244578033771575,46.672469247280205,2025-09-28 21:00:00+00:00,45.31561205051455,Yes,Yes,Yes,Yes,Yes,No,TP5,2.55,-128010.8,7,288.0,0.17,1427.9,0.0,Regime-Adaptive V2: Trend (ADX >= threshold) + Conservative Range (ADX < threshold)
159,ETH_USD,BULLISH,2025-10-09 21:00:00+00:00,4195.4735,3767.0170002279524,4452.547399863229,4709.621299726457,5052.386499544095,5266.614749430119,5695.071249202167,2025-10-16 21:00:00+00:00,3766.9420002279526,No,No,No,No,No,Yes,SL,-1.0,1541514.39,8,168.0,2.8,42845.6,0.0,Regime-Adaptive V2: Trend (ADX >= threshold) + Conservative Range (ADX < threshold)
160,BTC_USD,BULLISH,2025-10-09 21:00:00+00:00,115327.755,107484.80455255997,120033.52526846403,124739.29553692804,131013.65589488007,134935.13111860008,142778.0815660401,2025-10-15 21:00:00+00:00,107477.30455255997,No,No,No,No,No,Yes,SL,-1.0,281416.27,8,144.0,0.15,7843.0,0.0,Regime-Adaptive V2: Trend (ADX >= threshold) + Conservative Range (ADX < threshold)
161,BTC_USD,BULLISH,2025-10-09 21:00:00+00:00,114533.8,107201.62928664268,118933.10242801439,123332.40485602879,129198.14142671465,132864.2267833933,140196.39749675064,2025-10-16 21:00:00+00:00,107194.12928664268,No,No,No,No,No,Yes,SL,-1.0,263028.12,8,168.0,0.16,7332.2,0.0,Regime-Adaptive V2: Trend (ADX >= threshold) + Conservative Range (ADX < threshold)
162,ETH_USD,BULLISH,2025-10-12 21:00:00+00:00,4195.4735,3761.9840002116703,4455.567199872998,4715.660899745996,5062.45249957666,5279.197249470824,5712.686749259155,2025-10-16 21:00:00+00:00,3761.9090002116704,No,No,No,No,No,Yes,SL,-1.0,1559633.19,6,96.0,2.77,43348.9,0.0,Regime-Adaptive V2: Trend (ADX >= threshold) + Conservative Range (ADX < threshold)
163,ETH_USD,BULLISH,2025-10-13 21:00:00+00:00,4119.51,3756.8526430536936,4337.104414167784,4554.698828335569,4844.8247138926135,5026.153392365767,5388.810749312073,2025-10-16 21:00:00+00:00,3756.7776430536933,No,No,No,No,No,Yes,SL,-1.0,1304637.44,7,72.0,3.31,36265.7,0.0,Regime-Adaptive V2: Trend (ADX >= threshold) + Conservative Range (ADX < threshold)
164,XAG_USD,BULLISH,2025-10-20 21:00:00+00:00,50.2774328,46.956542053672436,52.26996724779654,54.26250169559307,56.91921429265513,58.57965966581891,61.90055041214647,2025-10-26 21:00:00+00:00,46.949042053672436,No,No,No,No,No,Yes,SL,-1.0,118620.56,6,144.0,0.07,3320.9,0.0,Regime-Adaptive V2: Trend (ADX >= threshold) + Conservative Range (ADX < threshold)
165,XAG_USD,BULLISH,2025-10-20 21:00:00+00:00,48.8111252,45.860786593917595,50.58132836364944,52.35153152729888,54.71180241216481,56.18697171520601,59.13731032128841,2025-10-27 21:00:00+00:00,45.853286593917595,No,No,No,No,No,Yes,SL,-1.0,105280.34,6,168.0,0.08,2950.3,0.0,Regime-Adaptive V2: Trend (ADX >= threshold) + Conservative Range (ADX < threshold)
166,ETH_USD,BULLISH,2025-10-26 21:00:00+00:00,4195.4735,3568.1658576271666,4571.8580854237,4948.2426708474,5450.088784745667,5763.742605932084,6391.050248304917,2025-11-02 22:00:00+00:00,3568.0908576271668,No,No,No,No,No,Yes,SL,-1.0,2257378.57,7,169.0,1.91,62730.8,0.0,Regime-Adaptive V2: Trend (ADX >= threshold) + Conservative Range (ADX < threshold)
167,BTC_USD,BULLISH,2025-10-28 21:00:00+00:00,109916.8768,104897.54192013624,112928.47772791826,115940.0786558365,119955.54655972752,122465.2139996594,127484.54887952315,2025-11-03 22:00:00+00:00,104890.04192013624,No,No,No,No,No,Yes,SL,-1.0,179765.46,9,145.0,0.24,5019.3,0.0,Regime-Adaptive V2: Trend (ADX >= threshold) + Conservative Range (ADX < threshold)
168,XAG_USD,BULLISH,2025-11-09 22:00:00+00:00,50.2774328,46.54596821989355,52.51631154806387,54.755190296127736,57.740361960212894,59.60609425026612,63.337558830372565,2025-12-01 22:00:00+00:00,56.18430415946872,Yes,Yes,Yes,No,No,No,TP3+Trail,1.58,-210749.68,6,528.0,0.06,3731.5,0.0,Regime-Adaptive V2: Trend (ADX >= threshold) + Conservative Range (ADX < threshold)
169,ETH_USD,BEARISH,2025-11-12 22:00:00+00:00,3436.0548,3758.107476826957,3242.8231939038255,3049.5915878076516,2791.949446346086,2630.9231079326073,2308.870431105651,2025-11-20 22:00:00+00:00,2925.6763072292733,Yes,Yes,Yes,No,No,No,TP3+Trail,1.58,-1835462.76,7,192.0,3.73,32205.3,0.0,Regime-Adaptive V2: Trend (ADX >= threshold) + Conservative Range (ADX < threshold)
